<?xml version="1.0" encoding="UTF-8"?>
<window>
	<controls>
		<control type="image">
			<posx>0</posx>
			<posy>0</posy>
			<width>FullScreenWidth</width>
			<height>FullScreenHeight</height>
			<animation effect="fade" start="60" end="60" time="0">WindowOpen</animation>
			<texture>mask_skeletonscreen.png</texture>
		</control>

		<control type="textbox">
			<centertop>50%</centertop>
			<animation effect="slide" end="310,0" time="0">WindowOpen</animation>
			<animation effect="slide" end="310,0" time="0">WindowClose</animation>
			<width>1300</width>
			<height min="30" max="500">auto</height>
			<align>center</align>
			<font>font42</font>
			<textcolor>FFB9D6FF</textcolor>
			<autoscroll>false</autoscroll>
			<label>$ADDON[script.videohd.core 62001]</label>
		</control>
	</controls>
</window>
