<includes>
	<default type="label">
		<posx>0</posx>
		<posy>0</posy>
		<label>-</label>
		<height>44</height>
		<align>left</align>
		<aligny>center</aligny>
		<font>font16</font>
		<textcolor>White</textcolor>
		<focusedcolor>White</focusedcolor>
		<selectedcolor>White</selectedcolor>
		<scrollspeed>80</scrollspeed>
		<disabledcolor>Grey</disabledcolor>
	</default>

	<default type="edit">
		<left>0</left>
		<top>0</top>
		<width>300</width>
		<height>44</height>
		<texturefocus border="5"></texturefocus>
		<texturenofocus border="5"></texturenofocus>
		<font>font24</font>
		<textcolor>White</textcolor>
		<disabledcolor>Grey</disabledcolor>
		<invalidcolor>Grey</invalidcolor>
		<textoffsetx>0</textoffsetx>
		<aligny>center</aligny>
		<pulseonselect>no</pulseonselect>
	</default>

	<default type="fadelabel">
		<posx>0</posx>
		<posy>0</posy>
		<height>44</height>
		<label>-</label>
		<align>left</align>
		<aligny>center</aligny>
		<font>font45</font>
		<textcolor>White</textcolor>
		<focusedcolor>White</focusedcolor>
		<selectedcolor>White</selectedcolor>
		<disabledcolor>Grey</disabledcolor>
		<scrollout>false</scrollout>
		<pauseatend>2000</pauseatend>
	</default>

	<default type="image">
		<posx>0</posx>
		<posy>0</posy>
		<width>-</width>
		<height>-</height>
		<align>center</align>
		<aligny>center</aligny>
		<texture>-</texture>
	</default>

	<default type="button">
		<posx>0</posx>
		<posy>0</posy>
		<width>300</width>
		<height>44</height>
		<align>center</align>
		<aligny>center</aligny>
		<font>font45</font>
		<label>-</label>
		<textoffsetx>20</textoffsetx>
		<textcolor>White</textcolor>
		<focusedcolor>White</focusedcolor>
		<disabledcolor>Grey</disabledcolor>
		<texturefocus></texturefocus>
		<pulseonselect>false</pulseonselect>
	</default>

	<default type="togglebutton">
		<posx>0</posx>
		<posy>0</posy>
		<width>300</width>
		<height>44</height>
		<label>-</label>
		<textoffsetx>20</textoffsetx>
		<font>font45</font>
		<textcolor>White</textcolor>
		<focusedcolor>White</focusedcolor>
		<disabledcolor>Grey</disabledcolor>
		<texturefocus>brick_navy.png</texturefocus>
		<alttexturefocus border="7">brick_navy.png</alttexturefocus>
		<align>center</align>
		<aligny>center</aligny>
		<pulseonselect>false</pulseonselect>
	</default>

	<default type="radiobutton">
		<posx>0</posx>
		<posy>0</posy>
		<width>108</width>
		<height>60</height>
		<align>left</align>
		<aligny>center</aligny>
		<font>font42</font>
		<label>-</label>
		<textcolor>White</textcolor>
		<focusedcolor>White</focusedcolor>
		<disabledcolor>Grey</disabledcolor>
		<radiowidth>60</radiowidth>
		<radioheight>60</radioheight>
		<textureradioonfocus>checkbox_y_focus.png</textureradioonfocus>
		<textureradioonnofocus>checkbox_y.png</textureradioonnofocus>
		<textureradioofffocus>checkbox_n_focus.png</textureradioofffocus>
		<textureradiooffnofocus>checkbox_n.png</textureradiooffnofocus>
		<textureradioondisabled colordiffuse="40FFFFFF">checkbox_n_focus.png</textureradioondisabled>
		<textureradiooffdisabled colordiffuse="40FFFFFF">checkbox_n.png</textureradiooffdisabled>
		<textoffsetx>20</textoffsetx>
		<pulseonselect>false</pulseonselect>
	</default>

	<default type="spincontrolex">
		<posx>0</posx>
		<posy>0</posy>
		<width>300</width>
		<height>44</height>
		<label>-</label>
		<font>font42</font>
		<spinwidth>34</spinwidth>
		<spinheight>34</spinheight>
		<textureup>selection_up.png</textureup>
		<texturedown>selection_down.png</texturedown>
		<textureupfocus>selection_up_focus.png</textureupfocus>
		<texturedownfocus>selection_down_focus.png</texturedownfocus>
		<texturefocus border="8">settings_select_fo.png</texturefocus>
		<texturenofocus border="1">settings_select_nf.png</texturenofocus>
		<textcolor>White</textcolor>
		<focusedcolor>White</focusedcolor>
		<disabledcolor>Grey</disabledcolor>
		<textoffsetx>20</textoffsetx>
		<align>left</align>
		<aligny>center</aligny>
		<reverse>yes</reverse>
		<pulseonselect>false</pulseonselect>
	</default>

	<default type="spincontrol">
		<posx>0</posx>
		<posy>0</posy>
		<height>15</height>
		<width>15</width>
		<spinwidth>34</spinwidth>
		<spinheight>34</spinheight>
		<textureup></textureup>
		<texturedown></texturedown>
		<textureupfocus></textureupfocus>
		<texturedownfocus></texturedownfocus>
		<font>font42</font>
		<textcolor>White</textcolor>
		<focusedcolor>White</focusedcolor>
		<disabledcolor>Grey</disabledcolor>
		<textoffsetx>20</textoffsetx>
		<align>left</align>
		<aligny>center</aligny>
		<reverse>yes</reverse>
		<pulseonselect>false</pulseonselect>
	</default>

	<default type="sliderex">
		<posx>0</posx>
		<posy>0</posy>
		<height>44</height>
		<width>300</width>
		<align>left</align>
		<aligny>center</aligny>
		<texturefocus>settings_select_fo.png</texturefocus>
		<sliderwidth>202</sliderwidth>
		<sliderheight>44</sliderheight>
		<texturesliderbar>player_setting_slider_normal.png</texturesliderbar>
		<textureslidernib>player_setting_sliderbar_off.png</textureslidernib>
		<textureslidernibfocus>player_setting_sliderbar_on.png</textureslidernibfocus>
		<font>font42</font>
		<textcolor>White</textcolor>
		<focusedcolor>White</focusedcolor>
		<disabledcolor>Grey</disabledcolor>
		<textoffsetx>20</textoffsetx>
		<textoffsety>0</textoffsety>
	</default>

	<default type="slider">
		<posx>0</posx>
		<posy>0</posy>
		<width>260</width>
		<height>10</height>
		<texturefocus>-</texturefocus>
		<texturenofocus>-</texturenofocus>
		<orientation>horizontal</orientation>
		<texturesliderbar>cb_white.png</texturesliderbar>
		<textureslidernib>cb_blue.png</textureslidernib>
		<textureslidernibfocus>cb_blue.png</textureslidernibfocus>
	</default>

	<default type="progress">
		<posx>0</posx>
		<posy>0</posy>
		<texturebg>cb_CCFFFFFF.png</texturebg>
		<lefttexture>-</lefttexture>
		<midtexture>cb_FF00ebe8.png</midtexture>
		<righttexture>-</righttexture>
		<overlaytexture>-</overlaytexture>
	</default>

	<default type="scrollbar">
		<width>6</width>
		<texturesliderbar>scrollbar/scrollbar_unfocus.png</texturesliderbar>
		<texturesliderbarfocus border="2">scrollbar/scrollbar_focus.png</texturesliderbarfocus>
		<textureslidernib></textureslidernib>
		<textureslidernibfocus></textureslidernibfocus>
		<texturesliderbackground border="3"></texturesliderbackground>
		<showonepage>false</showonepage>
		<orientation>vertical</orientation>
	</default>

	<default type="textbox">
		<label>-</label>
		<font>font45</font>
		<textcolor>white</textcolor>
		<pagecontrol>61</pagecontrol>
		<autoscroll delay="6000" time="2000" repeat="10000"/>
	</default>
</includes>
