<window id="107">
	<defaultcontrol always="true">402</defaultcontrol>
	<allowoverlay>yes</allowoverlay>
	<controls>
		<!--control type="group">
			<posx>620r</posx>
			<posy>880</posy>
			<animation effect="slide" start="800,0" end="0,0" time="300">WindowOpen</animation>
			<animation effect="slide" start="0,0" end="800,0" time="300">WindowClose</animation>
			<control type="image">
				<description>background image</description>
				<posx>0</posx>
				<posy>0</posy>
				<width>600</width>
				<height>180</height>
				<texture>cb_black.png</texture>
				<animation effect="fade" start="85" end="85" time="0">WindowOpen</animation>
				<animation effect="fade" start="85" end="85" time="0">WindowClose</animation>
			</control>

			<control type="image" id="400">
				<description>Image</description>
				<posx>20</posx>
				<posy>20</posy>
				<width>64</width>
				<height>64</height>
				<aspectratio>keep</aspectratio>
				<texture>icon_info.png</texture>
			</control>

			<control type="label" id="401">
				<description>message</description>
				<posx>100</posx>
				<posy>65</posy>
				<width>480</width>
				<height>80</height>
				<font>q_font40</font>
				<label></label>
				<aligny>top</aligny>
				<wrapmultiline>true</wrapmultiline>
				<scroll>true</scroll>
			</control>

			<control type="label" id="402">
				<description>heading</description>
				<posx>100</posx>
				<posy>20</posy>
				<width>480</width>
				<height>40</height>
				<label>header</label>
				<font>q_font40</font>
				<scroll>true</scroll>
			</control>

			<control type="image" id="403">
				<description>Image</description>
				<posx>20</posx>
				<posy>20</posy>
				<width>64</width>
				<height>64</height>
				<aspectratio>keep</aspectratio>
				<visible>false</visible>
				<texture>icon_info.png</texture>
			</control>

			<control type="image" id="404">
				<description>Image</description>
				<posx>20</posx>
				<posy>20</posy>
				<width>64</width>
				<height>64</height>
				<aspectratio>keep</aspectratio>
				<visible>false</visible>
				<texture flipy="true">icon_info.png</texture>
			</control>

			<control type="image" id="405">
				<description>Image</description>
				<posx>20</posx>
				<posy>20</posy>
				<width>64</width>
				<height>64</height>
				<aspectratio>keep</aspectratio>
				<visible>false</visible>
				<texture>icon_error.png</texture>
			</control>
		</control-->
	</controls>

</window>
