<?xml version="1.0" encoding="UTF-8"?>
<window>
	<defaultcontrol>-</defaultcontrol>
	<animation effect="fade" start="0" end="100" time="400">VisibleChange</animation>
	<coordinates>
		<left>0</left>
		<top>0</top>
	</coordinates>
	<controls>
		<control type="image">
	    <visible>Window.IsActive(fullscreenvideo) + !Window.IsActive(videoosd)</visible>
	    <top>700</top>
	    <left>1700</left>
	    <width>140</width>
	    <height>140</height>
	    <texture>player_instant_mute.png</texture>
	  </control>
	</controls>
</window>
