<?xml version="1.0" encoding="UTF-8"?>
<window id="100">
	<defaultcontrol>9000</defaultcontrol>
	<allowoverlay>yes</allowoverlay>

	<controls>

		<control type="image">
			<posx>0</posx>
			<posy>0</posy>
			<texture>cb_FF000000.png</texture>
			<aspectratio>stretch</aspectratio>
			<animation effect="fade" start="80" end="80" time="0">WindowOpen</animation>
		</control>

		<control type="group">
			<centerleft>960</centerleft>
			<centertop>540</centertop>
			<width>680</width>
			<height>340</height>

			<control type="image">
				<posx>0</posx>
				<posy>0</posy>
				<width>680</width>
				<height>340</height>
				<texture>dialog.png</texture>
				<aspectratio>stretch</aspectratio>
				<!-- <animation effect="fade" start="90" end="90" time="0">WindowOpen</animation> -->
			</control>

			<control type="label" id="1">
				<description>Heading</description>
				<top>30</top>
				<label></label>
				<width>680</width>
				<font>font42</font>
				<textcolor>FF000000</textcolor>
				<align>center</align>
			</control>

			<control type="textbox" id="9">
				<description>text</description>
				<top>80</top>
				<width>680</width>
				<height>140</height>
				<font>font36</font>
				<textcolor>FF4e5254</textcolor>
				<align>center</align>
				<label>-</label>
				<autoscroll time="3000" delay="4000" repeat="5000">true</autoscroll>
			</control>

			<control type="progress" id="20">
				<top>200</top>
				<left>15</left>
				<width>650</width>
				<height>24</height>
				<info>System.Progressbar</info>
			</control>

			<control type="grouplist" id="9000">
        <top>240</top>
        <width>680</width>
        <orientation>horizontal</orientation>
        <align>center</align>
        <itemgap>0</itemgap>
				<control type="button" id="10">
					<description>No</description>
					<width>340</width>
					<height>100</height>
					<label>106</label>
					<onleft>11</onleft>
					<onright>11</onright>
					<onup>10</onup>
					<ondown>10</ondown>
					<textcolor>990095ec</textcolor>
					<focusedcolor>FF0095ec</focusedcolor>
					<font>font42</font>
				</control>
				<control type="button" id="11">
					<description>Yes</description>
					<width>340</width>
					<height>100</height>
					<label>107</label>
					<onleft>10</onleft>
					<onright>10</onright>
					<onup>11</onup>
					<ondown>11</ondown>
					<textcolor>990095ec</textcolor>
					<focusedcolor>FF0095ec</focusedcolor>
					<font>font42</font>
				</control>
			</control>
		</control>
	</controls>

</window>
