﻿<?xml version="1.0" encoding="UTF-8"?>
<window id="100">
	<defaultcontrol always="true">10</defaultcontrol>
	<allowoverlay>yes</allowoverlay>

	<controls>

		<control type="image">
			<posx>0</posx>
			<posy>0</posy>
			<width>1920</width>
			<height>1080</height>
			<texture>cb_black.png</texture>
			<aspectratio>stretch</aspectratio>
			<animation effect="fade" start="80" end="80" time="0">WindowOpen</animation>
		</control>

		<control type="group">
			<posx>510</posx>
			<posy>250</posy>

			<control type="image">
				<posx>0</posx>
				<posy>0</posy>
				<width>900</width>
				<height>580</height>
				<texture>cb_black_dark.png</texture>
				<aspectratio>stretch</aspectratio>
				<!-- <animation effect="fade" start="90" end="90" time="0">WindowOpen</animation> -->
			</control>

			<control type="label" id="1">
				<description>Heading</description>
				<posx>30</posx>
				<posy>35</posy>
				<label></label>
				<width>840</width>
				<font>q_font60</font>
				<align>left</align>
			</control>

			<control type="textbox" id="9">
				<description>text</description>
				<left>30</left>
				<top>130</top>
				<width>840</width>
				<height>300</height>
				<align>left</align>
				<label>-</label>
				<font>q_font45</font>
				<autoscroll time="3000" delay="4000" repeat="5000">true</autoscroll>
			</control>

			<control type="button" id="11">
				<description>Yes</description>
				<posx>350</posx>
				<posy>455</posy>
				<width>250</width>
				<height>100</height>
				<label>107</label>
				<onleft>10</onleft>
				<onright>10</onright>
				<onup>11</onup>
				<ondown>11</ondown>
				<include>WelcomeButton</include>
			</control>

			<control type="button" id="10">
				<description>No</description>
				<posx>620</posx>
				<posy>455</posy>
				<width>250</width>
				<height>100</height>
				<label>106</label>
				<onleft>11</onleft>
				<onright>11</onright>
				<onup>10</onup>
				<ondown>10</ondown>
				<include>WelcomeButton</include>
			</control>

		</control>

	</controls>

</window>