<?xml version="1.0" encoding="UTF-8"?>
<window>
	<defaultcontrol>1</defaultcontrol>
	<visible>false</visible>
	<controls>
		<control type="image">
			<width>FullScreenWidth</width>
			<height>FullScreenHeight</height>
			<texture>cb_99000000.png</texture>
		</control>

		<control type="image">
			<top>378</top>
			<centerleft>960</centerleft>
			<width>220</width>
			<height>220</height>
			<align>center</align>
			<texture>player_center_pause.png</texture>
		</control>

		<!--control type="group">
			<top>555</top>
			<right>218</right>
			<width>PlayerControlWidth</width>
			<animation effect="slide" start="0,600" end="0,0" time="400" tween="quadratic">WindowOpen</animation>
			<animation effect="slide" end="0,600" start="0,0" time="400" tween="quadratic">VisibleChange</animation>
			<visible>!VideoPlayer.Content(LiveTV)</visible>
			<control type="progress">
				<width>PlayerControlWidth</width>
				<height>10</height>
				<texturebg>cb_FF00ebe8.png</texturebg>
				<lefttexture>-</lefttexture>
				<midtexture>cb_FF525252.png</midtexture>
				<righttexture>-</righttexture>
				<overlaytexture>-</overlaytexture>
				<info>Player.ProgressCache</info>
			</control>
			<control type="progress" id="23">
				<width>PlayerControlWidth</width>
				<height>10</height>
				<texturebg>cb_FF525252.png</texturebg>
				<lefttexture>-</lefttexture>
				<midtexture>$VAR[Player.Progress.MidTexture]</midtexture>
				<righttexture>-</righttexture>
				<overlaytexture>-</overlaytexture>
				<info>Player.Progress</info>
			</control>
			<control type="slider" id="401">
				<description>Seek Slider</description>
				<width>PlayerControlWidth</width>
				<top>20</top>
				<height>10</height>
				<texturesliderbar>player_slider_bar .png</texturesliderbar>
				<textureslidernib>player_slider_nib.png</textureslidernib>
				<textureslidernibfocus>player_slider_nib.png</textureslidernibfocus>
				<visible>Player.Seeking</visible>
			</control>
			<!--control type="label">
				<top>24</top>
				<width>820</width>
				<height>90</height>
				<font>font14_title</font>
				<textoffsetx>15</textoffsetx>
				<textcolor>grey2</textcolor>
				<shadowcolor>shadow</shadowcolor>
				<align>left</align>
				<aligny>top</aligny>
				<textoffsety>-2</textoffsety>
				<label>$VAR[PlayerTitleLabelVar]</label>
			</control>
			<control type="label">
				<top>24</top>
				<left>0</left>
				<width>PlayerControlWidth</width>
				<height>90</height>
				<font>font14_title</font>
				<textoffsetx>15</textoffsetx>
				<textcolor>grey2</textcolor>
				<shadowcolor>shadow</shadowcolor>
				<align>center</align>
				<aligny>top</aligny>
				<textoffsety>-2</textoffsety>
				<label>$VAR[SeekLabelVar]</label>
				<visible>!VideoPlayer.Content(LiveTV)</visible>
			</control>
		</control-->
		<!--control type="image">
			<left>1470</left>
			<top>780</top>
			<width>450</width>
			<height>254</height>
			<aspectratio aligny="bottom" align="right">keep</aspectratio>
			<texture background="true">$VAR[PlayerArtworkVar]</texture>
			<visible>Player.Paused | Window.IsActive(fullscreeninfo) | Window.IsActive(videoosd)</visible>
			<animation effect="slide" start="0,300" end="0,0" time="200">WindowOpen</animation>
			<animation effect="slide" start="0,300" end="0,0" time="200">VisibleChange</animation>
		</control>
		<control type="group">
			<left>867</left>
			<top>447</top>
			<visible>!VideoPlayer.Content(LiveTV) + [Player.Paused + !Window.IsActive(subtitlesearch)]</visible>
			<animation type="VisibleChange" reversible="false">
				<effect type="fade" start="0" end="100" time="500" />
			</animation>
			<animation type="WindowOpen" reversible="false">
				<effect type="fade" start="0" end="100" time="500" />
			</animation>
			<animation type="WindowClose" reversible="false">
				<effect type="fade" start="100" end="0" time="500" />
			</animation>

			<control type="image">
				<left>0</left>
				<top>0</top>
				<width>186</width>
				<height>186</height>
				<texture>osd/bg_play_large.png</texture>
			</control>
			<control type="image">
				<left>0</left>
				<top>0</top>
				<width>186</width>
				<height>186</height>
				<texture>osd/btn_pause.png</texture>
			</control>
		</control>
		<control type="grouplist">
			<left>30</left>
			<top>930</top>
			<width>748</width>
			<height>150</height>
			<itemgap>10</itemgap>
			<orientation>horizontal</orientation>
			<include>VisibleFadeEffect</include>
			<visible>Player.Forwarding | Player.Rewinding</visible>
			<usecontrolcoords>true</usecontrolcoords>
			<control type="image">
				<top>3</top>
				<width>90</width>
				<height>87</height>
				<aspectratio>keep</aspectratio>
				<texture flipx="true">osd/ff.png</texture>
				<colordiffuse>FFe5e5e5</colordiffuse>
				<animation effect="fade" start="100" end="60" time="800" pulse="true" condition="true">Conditional</animation>
				<visible>Player.Rewinding</visible>
			</control>
			<control type="label">
				<label>$VAR[VideoPlayerForwardRewindVar]</label>
				<width min="10" max="300">auto</width>
				<height>90</height>
				<textoffsetx>0</textoffsetx>
				<aligny>center</aligny>
				<font>font_MainMenu</font>
				<shadowcolor>44000000</shadowcolor>
				<textcolor>DDe5e5e5</textcolor>
			</control>
			<control type="image">
				<top>3</top>
				<width>90</width>
				<height>87</height>
				<aspectratio>keep</aspectratio>
				<texture>osd/ff.png</texture>
				<colordiffuse>FFe5e5e5</colordiffuse>
				<animation effect="fade" start="100" end="60" time="800" pulse="true" condition="true">Conditional</animation>
				<visible>Player.Forwarding</visible>
			</control>
		</control>
		<control type="group">
			<visible>VideoPlayer.Content(LiveTV) + !Window.IsVisible(pvrosdguide)</visible>
			<include condition="IsEmpty(Skin.String(LiveTV.InfobarType)) | StringCompare(Skin.String(LiveTV.InfobarType),2)">FullScreenInfoBarLiveTV</include>
            <include condition="StringCompare(Skin.String(LiveTV.InfobarType),1)">FullScreenInfoBarLiveTV_Compact</include>
        </control-->
	</controls>
</window>
