<?xml version="1.0" encoding="UTF-8"?>
<window>
	<defaultcontrol>1</defaultcontrol>
	<animation effect="fade" start="0" end="100" time="100">WindowOpen</animation>
	<animation effect="fade" start="100" end="0" time="100">WindowClose</animation>
	<controls>
		<control type="group">
			<top>700</top>
			<left>1700</left>
			<visible>!Window.IsActive(VideoOSD) + !Window.IsVisible(Mutebug)</visible>
			<control type="image">
				<width>140</width>
				<height>140</height>
				<texture>$VAR[Volume.Instant.Icon]</texture>
			</control>
			<control type="progress" id="1">
				<description>progress control</description>
				<left>20</left>
				<top>98</top>
				<align>left</align>
				<width>96</width>
				<height>10</height>
				<info>Player.Volume</info>
			</control>
		</control>
	</controls>
</window>
