<window>
	<defaultcontrol always="true">300</defaultcontrol>
	<!--include>dialogeffect</include-->
	<coordinates>
		<system>2</system>
		<posx>696</posx>
		<posy>320</posy>
	</coordinates>

	<animation type="WindowOpen">
		<effect type="slide" start="0,500" end="0,0" time="400" tween="cubic" easing="out" />
		<effect type="fade" start="0" end="100" time="400" />
	</animation>
	<animation type="WindowClose">
		<effect type="slide" start="0,0" end="0,500" time="400" tween="cubic" easing="out" />
		<effect type="fade" start="100" end="0" time="400" />
	</animation>

	<controls>
		<control type="group">
			<include>VisibleFadeEffect</include>
			<visible>!Window.IsVisible(numericinput)</visible>
			<control type="image">
				<posx>0</posx>
				<posy>0</posy>
				<width>615</width>
				<height>430</height>
				<texture border="40">keyboard/dialog_panel.png</texture>
			</control>

			<control type="button">
				<description>Close button</description>
				<posx>570</posx>
				<posy>20</posy>
				<width>20</width>
				<height>20</height>
				<label>-</label>
				<font>-</font>
				<onleft>-</onleft>
				<onright>-</onright>
				<onup>-</onup>
				<ondown>-</ondown>
				<onclick>PreviousMenu</onclick>
				<texturefocus>keyboard/win_close_fo.png</texturefocus>
				<texturenofocus>keyboard/win_close_nf.png</texturenofocus>
			</control>

			<control type="label" id="311">
				<description>header label</description>
				<posx>35</posx>
				<posy>20</posy>
				<width>545</width>
				<height>80</height>
        <font>keyboard.title</font>
				<align>center</align>
				<aligny>center</aligny>
				<wrapmultiline>true</wrapmultiline>
			</control>

			<control type="image">
				<posx>35</posx>
				<posy>110</posy>
				<width>545</width>
				<height>50</height>
				<aspectratio>stretch</aspectratio>
				<texture border="2">cb_FF000000.png</texture>
			</control>
			<control type="image">
				<posx>35</posx>
				<posy>110</posy>
				<animation effect="fade" start="50" end="50" time="0">WindowOpen</animation>
				<width>545</width>
				<height>50</height>
				<aspectratio>stretch</aspectratio>
				<texture border="20" flipy="true">keyboard/dialog_input.png</texture>
			</control>

			<control type="edit" id="312">
				<description>Edit Text</description>
				<posx>45</posx>
				<posy>110</posy>
				<width>525</width>
				<height>50</height>
				<align>center</align>
				<aligny>center</aligny>
				<texturefocus>-</texturefocus>
				<texturenofocus>-</texturenofocus>
			</control>

			<control type="group">
				<posx>35</posx>
				<posy>170</posy>

				<!-- row 1 -->
				<control type="group">
					<control type="button" id="100">
						<description>'1' button</description>
						<posx>0</posx>
						<onleft>109</onleft>
						<onright>101</onright>
						<onup>304</onup>
						<ondown>120</ondown>
						<include>KeyboardKey</include>
					</control>
					<control type="button" id="101">
						<description>'2' button</description>
						<posx>55</posx>
						<onleft>100</onleft>
						<onright>102</onright>
						<onup>32</onup>
						<ondown>121</ondown>
						<include>KeyboardKey</include>
					</control>
					<control type="button" id="102">
						<description>'3' button</description>
						<posx>110</posx>
						<onleft>101</onleft>
						<onright>103</onright>
						<onup>32</onup>
						<ondown>122</ondown>
						<include>KeyboardKey</include>
					</control>
					<control type="button" id="103">
						<description>'4' button</description>
						<posx>165</posx>
						<onleft>102</onleft>
						<onright>104</onright>
						<onup>32</onup>
						<ondown>123</ondown>
						<include>KeyboardKey</include>
					</control>
					<control type="button" id="104">
						<description>'5' button</description>
						<posx>220</posx>
						<onleft>103</onleft>
						<onright>105</onright>
						<onup>32</onup>
						<ondown>124</ondown>
						<include>KeyboardKey</include>
					</control>
					<control type="button" id="105">
						<description>'6' button</description>
						<posx>275</posx>
						<onleft>104</onleft>
						<onright>106</onright>
						<onup>32</onup>
						<ondown>125</ondown>
						<include>KeyboardKey</include>
					</control>
					<control type="button" id="106">
						<description>'7' button</description>
						<posx>330</posx>
						<onleft>105</onleft>
						<onright>107</onright>
						<onup>32</onup>
						<ondown>126</ondown>
						<include>KeyboardKey</include>
					</control>
					<control type="button" id="107">
						<description>'8' button</description>
						<posx>385</posx>
						<onleft>106</onleft>
						<onright>108</onright>
						<onup>305</onup>
						<ondown>127</ondown>
						<include>KeyboardKey</include>
					</control>
					<control type="button" id="108">
						<description>'9' button</description>
						<posx>440</posx>
						<onleft>107</onleft>
						<onright>109</onright>
						<onup>306</onup>
						<ondown>128</ondown>
						<include>KeyboardKey</include>
					</control>
					<control type="button" id="109">
						<description>'0' button</description>
						<posx>495</posx>
						<onleft>108</onleft>
						<onright>100</onright>
						<onup>300</onup>
						<ondown>129</ondown>
						<include>KeyboardKey</include>
					</control>
				</control>


				<!-- row 2 -->
				<control type="group">
					<posy>45</posy>
					<control type="button" id="120">
						<description>'Q' button</description>
						<posx>0</posx>
						<onleft>129</onleft>
						<onright>121</onright>
						<onup>100</onup>
						<ondown>140</ondown>
						<include>KeyboardKey</include>
					</control>
					<control type="button" id="121">
						<description>'W' button</description>
						<posx>55</posx>
						<onleft>120</onleft>
						<onright>122</onright>
						<onup>101</onup>
						<ondown>141</ondown>
						<include>KeyboardKey</include>
					</control>
					<control type="button" id="122">
						<description>'E' button</description>
						<posx>110</posx>
						<onleft>121</onleft>
						<onright>123</onright>
						<onup>102</onup>
						<ondown>142</ondown>
						<include>KeyboardKey</include>
					</control>
					<control type="button" id="123">
						<description>'R' button</description>
						<posx>165</posx>
						<onleft>122</onleft>
						<onright>124</onright>
						<onup>103</onup>
						<ondown>143</ondown>
						<include>KeyboardKey</include>
					</control>
					<control type="button" id="124">
						<description>'T' button</description>
						<posx>220</posx>
						<onleft>123</onleft>
						<onright>125</onright>
						<onup>104</onup>
						<ondown>144</ondown>
						<include>KeyboardKey</include>
					</control>
					<control type="button" id="125">
						<description>'Y' button</description>
						<posx>275</posx>
						<onleft>124</onleft>
						<onright>126</onright>
						<onup>105</onup>
						<ondown>145</ondown>
						<include>KeyboardKey</include>
					</control>
					<control type="button" id="126">
						<description>'U' button</description>
						<posx>330</posx>
						<onleft>125</onleft>
						<onright>127</onright>
						<onup>106</onup>
						<ondown>146</ondown>
						<include>KeyboardKey</include>
					</control>
					<control type="button" id="127">
						<description>'I' button</description>
						<posx>385</posx>
						<onleft>126</onleft>
						<onright>128</onright>
						<onup>107</onup>
						<ondown>147</ondown>
						<include>KeyboardKey</include>
					</control>
					<control type="button" id="128">
						<description>'O' button</description>
						<posx>440</posx>
						<onleft>127</onleft>
						<onright>129</onright>
						<onup>108</onup>
						<ondown>148</ondown>
						<include>KeyboardKey</include>
					</control>
					<control type="button" id="129">
						<description>'P' button</description>
						<posx>495</posx>
						<onleft>128</onleft>
						<onright>140</onright>
						<onup>109</onup>
						<ondown>148</ondown>
						<include>KeyboardKey</include>
					</control>

				</control>



				<!-- row 3 -->
				<control type="group">
					<posx>0</posx>
					<posy>90</posy>
					<control type="button" id="140">
						<description>'A' button</description>
						<posx>25</posx>
						<onleft>148</onleft>
						<onright>141</onright>
						<onup>120</onup>
						<ondown>302</ondown>
						<include>KeyboardKey</include>
					</control>
					<control type="button" id="141">
						<description>'S' button</description>
						<posx>80</posx>
						<onleft>140</onleft>
						<onright>142</onright>
						<onup>121</onup>
						<ondown>160</ondown>
						<include>KeyboardKey</include>
					</control>
					<control type="button" id="142">
						<description>'D' button</description>
						<posx>135</posx>
						<onleft>141</onleft>
						<onright>143</onright>
						<onup>122</onup>
						<ondown>161</ondown>
						<include>KeyboardKey</include>
					</control>
					<control type="button" id="143">
						<description>'F' button</description>
						<posx>190</posx>
						<onleft>142</onleft>
						<onright>144</onright>
						<onup>123</onup>
						<ondown>162</ondown>
						<include>KeyboardKey</include>
					</control>
					<control type="button" id="144">
						<description>'G' button</description>
						<posx>245</posx>
						<onleft>143</onleft>
						<onright>145</onright>
						<onup>124</onup>
						<ondown>163</ondown>
						<include>KeyboardKey</include>
					</control>
					<control type="button" id="145">
						<description>'H' button</description>
						<posx>300</posx>
						<onleft>144</onleft>
						<onright>146</onright>
						<onup>125</onup>
						<ondown>164</ondown>
						<include>KeyboardKey</include>
					</control>
					<control type="button" id="146">
						<description>'J' button</description>
						<posx>355</posx>
						<onleft>145</onleft>
						<onright>147</onright>
						<onup>126</onup>
						<ondown>165</ondown>
						<include>KeyboardKey</include>
					</control>
					<control type="button" id="147">
						<description>'K' button</description>
						<posx>410</posx>
						<onleft>146</onleft>
						<onright>148</onright>
						<onup>127</onup>
						<ondown>166</ondown>
						<include>KeyboardKey</include>
					</control>
					<control type="button" id="148">
						<description>'L' button</description>
						<posx>465</posx>
						<onleft>147</onleft>
						<onright>140</onright>
						<onup>128</onup>
						<ondown>8</ondown>
						<include>KeyboardKey</include>
					</control>
				</control>


				<!-- row 4 -->
				<control type="group">
					<posy>135</posy>
					<control type="togglebutton" id="302">
						<description>SHIFT button</description>
						<posx>0</posx>
						<width>75</width>
						<height>40</height>
						<!--label>20178</label-->
						<onleft>8</onleft>
						<onright>160</onright>
						<onup>140</onup>
						<ondown>304</ondown>
						<texturefocus>keyboard/KeyboardKey_Shift.png</texturefocus>
					    <texturenofocus>keyboard/KeyboardKeyNF_Shift.png</texturenofocus>
					    <alttexturefocus>keyboard/KeyboardKey_Alt_Shift.png</alttexturefocus>
					    <alttexturenofocus>keyboard/KeyboardKeyNF_Alt_Shift.png</alttexturenofocus>
					</control>
					<control type="button" id="160">
						<description>'Z' button</description>
						<posx>80</posx>
						<onleft>302</onleft>
						<onright>161</onright>
						<onup>141</onup>
						<ondown>32</ondown>
						<include>KeyboardKey</include>
					</control>
					<control type="button" id="161">
						<description>'X' button</description>
						<posx>135</posx>
						<onleft>160</onleft>
						<onright>162</onright>
						<onup>142</onup>
						<ondown>32</ondown>
						<include>KeyboardKey</include>
					</control>
					<control type="button" id="162">
						<description>'C' button</description>
						<posx>190</posx>
						<onleft>161</onleft>
						<onright>163</onright>
						<onup>143</onup>
						<ondown>32</ondown>
						<include>KeyboardKey</include>
					</control>
					<control type="button" id="163">
						<description>'V' button</description>
						<posx>245</posx>
						<onleft>162</onleft>
						<onright>164</onright>
						<onup>144</onup>
						<ondown>32</ondown>
						<include>KeyboardKey</include>
					</control>
					<control type="button" id="164">
						<description>'B' button</description>
						<posx>300</posx>
						<onleft>163</onleft>
						<onright>165</onright>
						<onup>145</onup>
						<ondown>32</ondown>
						<include>KeyboardKey</include>
					</control>
					<control type="button" id="165">
						<description>'N' button</description>
						<posx>355</posx>
						<onleft>164</onleft>
						<onright>166</onright>
						<onup>146</onup>
						<ondown>305</ondown>
						<include>KeyboardKey</include>
					</control>
					<control type="button" id="166">
						<description>'M' button</description>
						<posx>410</posx>
						<onleft>165</onleft>
						<onright>8</onright>
						<onup>147</onup>
						<ondown>306</ondown>
						<include>KeyboardKey</include>
					</control>
					<control type="button" id="8">
						<description>BACKSPACE button</description>
						<posx>465</posx>
						<width>80</width>
						<height>40</height>
						<!--label>20181</label-->
						<onleft>166</onleft>
						<onright>302</onright>
						<onup>148</onup>
						<ondown>300</ondown>
						<texturenofocus border="5">keyboard/KeyboardKeyNF_Backspace.png</texturenofocus>
						<texturefocus border="5">keyboard/KeyboardKey_Backspace.png</texturefocus>
					</control>

				</control>


				<!-- row 5 -->
				<control type="group">
					<posy>180</posy>
					<control type="togglebutton" id="304">
						<description>Symbols button</description>
						<posx>0</posx>
						<width>75</width>
						<height>40</height>
						<!--label>[B]#+-[/B]</label-->
						<onleft>300</onleft>
						<onright>32</onright>
						<onup>302</onup>
						<ondown>109</ondown>
						<texturefocus>keyboard/KeyboardKey_Symbol.png</texturefocus>
					    <texturenofocus>keyboard/KeyboardKeyNF_Symbol.png</texturenofocus>
					    <alttexturefocus>keyboard/KeyboardKey_Alt_Symbol.png</alttexturefocus>
					    <alttexturenofocus>keyboard/KeyboardKeyNF_Alt_Symbol.png</alttexturenofocus>
					</control>
					<control type="button" id="32">
						<description>SPACE button</description>
						<posx>80</posx>
						<width>270</width>
						<label>20182</label>
						<font>keyboard.space.button</font>
						<onleft>304</onleft>
						<onright>305</onright>
						<onup>160</onup>
						<ondown>100</ondown>
						<include>KeyboardKey</include>
					</control>
					<control type="button" id="305">
						<description>previous button</description>
						<posx>355</posx>
						<label>&lt;</label>
						<onleft>32</onleft>
						<onright>306</onright>
						<onup>165</onup>
						<ondown>105</ondown>
						<include>KeyboardKey</include>
						<textcolor>ff969696</textcolor>
					</control>
					<control type="button" id="306">
						<description>next button</description>
						<posx>410</posx>
						<label>&gt;</label>
						<onleft>305</onleft>
						<onright>300</onright>
						<onup>166</onup>
						<ondown>106</ondown>
						<include>KeyboardKey</include>
						<textcolor>ff969696</textcolor>
					</control>
					<control type="button" id="300">
						<description>DONE button</description>
						<posx>465</posx>
						<width>80</width>
						<height>40</height>
						<!--label>20177</label-->
						<onleft>306</onleft>
						<onright>304</onright>
						<onup>8</onup>
						<ondown>108</ondown>
						<texturenofocus border="5">keyboard/KeyboardKeyNF_Done.png</texturenofocus>
						<texturefocus border="5">keyboard/KeyboardKey_Done.png</texturefocus>
					</control>

				</control>

			</control>

		</control>
	</controls>
</window>
