<?xml version="1.0" encoding="UTF-8"?>
<window>
	<defaultcontrol always="true">3</defaultcontrol>
	<animation effect="fade" start="0" end="100" time="300">WindowOpen</animation>
	<animation effect="fade" start="100" end="0" time="300">WindowClose</animation>
	<controls>
		<control type="image">
			<posx>0</posx>
			<posy>0</posy>
			<width>FullScreenWidth</width>
			<height>FullScreenHeight</height>
			<texture>cb_99000000.png</texture>
		</control>

		<control type="group">
			<centertop>50%</centertop>
			<centerleft>50%</centerleft>
			<height>742</height>
			<width>1280</width>
			<control type="image">
				<height>742</height>
				<width>1280</width>
				<texture>popup_bg.png</texture>
			</control>

			<control type="label" id="1">
				<left>20</left>
				<top>0</top>
				<right>100</right>
				<width>1230</width>
				<height>80</height>
				<font>font42</font>
				<label />
				<aligny>center</aligny>
				<shadowcolor>Black</shadowcolor>
			</control>

			<control type="image">
				<left>20</left>
				<top>80</top>
				<width>880</width>
				<height>625</height>
				<texture border="40">cb_FF093a62.png</texture>
			</control>
			<control type="list" id="3">
				<left>20</left>
				<top>80</top>
				<width>880</width>
				<height>625</height>
				<onup>3</onup>
				<ondown>3</ondown>
				<onleft>9001</onleft>
				<onright>61</onright>
				<pagecontrol>61</pagecontrol>
				<scrolltime>200</scrolltime>
				<include content="DefaultSimpleListLayout">
					<param name="width" value="880" />
					<param name="height" value="69" />
					<param name="list_id" value="3" />
				</include>
			</control>
			<control type="list" id="6">
				<left>20</left>
				<top>80</top>
				<width>880</width>
				<height>625</height>
				<onup>6</onup>
				<ondown>6</ondown>
				<onleft>9001</onleft>
				<onright>61</onright>
				<pagecontrol>61</pagecontrol>
				<scrolltime>200</scrolltime>
				<itemlayout height="125" width="880">
					<control type="image">
						<left>12</left>
						<top>17</top>
						<width>90</width>
						<height>90</height>
						<texture>$INFO[Listitem.Icon]</texture>
						<aspectratio>keep</aspectratio>
					</control>
					<control type="label">
						<left>135</left>
						<top>0</top>
						<right>20</right>
						<width>750</width>
						<height>60</height>
						<font>font36</font>
						<aligny>center</aligny>
						<label>$INFO[ListItem.Label]</label>
					</control>
					<control type="textbox">
						<left>135</left>
						<top>52</top>
						<right>20</right>
						<height>65</height>
						<font>font24</font>
						<aligny>center</aligny>
						<textcolor>grey</textcolor>
						<label>$INFO[ListItem.Label2]</label>
					</control>
				</itemlayout>
				<focusedlayout height="125" width="880">
					<control type="image">
						<left>12</left>
						<top>17</top>
						<width>90</width>
						<height>90</height>
						<texture>$INFO[Listitem.Icon]</texture>
						<aspectratio>keep</aspectratio>
					</control>
					<control type="label">
						<left>135</left>
						<top>0</top>
						<right>20</right>
						<width>750</width>
						<height>60</height>
						<aligny>center</aligny>
						<scroll>true</scroll>
						<font>font36</font>
						<label>$INFO[ListItem.Label]</label>
					</control>
					<control type="textbox">
						<left>135</left>
						<top>52</top>
						<right>20</right>
						<height>65</height>
						<font>font24</font>
						<aligny>center</aligny>
						<label>$INFO[ListItem.Label2]</label>
					</control>
					<control type="image">
						<left>0</left>
						<top>0</top>
						<right>0</right>
						<bottom>0</bottom>
						<width>880</width>
						<height>125</height>
						<texture border="8">settings_select_fo.png</texture>
						<visible>Control.HasFocus(6)</visible>
					</control>
				</focusedlayout>
			</control>
			<control type="scrollbar" id="61">
				<left>910</left>
				<top>80</top>
				<width>12</width>
				<height>625</height>
				<onleft condition="Control.IsVisible(3)">3</onleft>
				<onleft condition="Control.IsVisible(6)">6</onleft>
				<onright>9001</onright>
				<orientation>vertical</orientation>
			</control>
			<control type="label">
				<left>925</left>
				<top>695</top>
				<width>275</width>
				<height>35</height>
				<font>font12</font>
				<align>right</align>
				<aligny>center</aligny>
				<textcolor>grey</textcolor>
				<label>$VAR[SelectLabel]</label>
			</control>
			<control type="grouplist" id="9001">
				<left>930</left>
				<top>80</top>
				<onleft>61</onleft>
				<itemgap>20</itemgap>
				<onright>3</onright>
				<include content="DefaultDialogButton">
					<param name="id" value="5" />
					<param name="label" value="" />
				</include>
				<include content="DefaultDialogButton">
					<param name="id" value="7" />
					<param name="label" value="$LOCALIZE[222]" />
				</include>
			</control>
		</control>
	</controls>
</window>
