<?xml version="1.0" encoding="UTF-8"?>
<window>
	<defaultcontrol always="true">450</defaultcontrol>
	<include>Animation_DialogPopupOpenClose</include>
	<controls>
		<control type="image">
			<posx>0</posx>
			<posy>0</posy>
			<animation effect="fade" start="100" end="0" time="400" condition="Window.IsVisible(SliderDialog) | Window.IsVisible(FileBrowser)">Conditional</animation>
			<width>1920</width>
			<height>1080</height>
			<texture>cb_99000000.png</texture>
		</control>

		<control type="group">
			<centertop>50%</centertop>
			<centerleft>50%</centerleft>
			<height>742</height>
			<width>1280</width>
			<control type="image">
				<height>742</height>
				<width>1280</width>
				<texture>popup_bg.png</texture>
			</control>
			<control type="image">
				<left>20</left>
				<top>80</top>
				<width>880</width>
				<height>625</height>
				<texture border="40">cb_FF093a62.png</texture>
			</control>

			<control type="label" id="411">
				<left>20</left>
				<top>5</top>
				<right>100</right>
				<width>1280</width>
				<height>70</height>
				<font>font42</font>
				<label></label>
				<aligny>center</aligny>
				<textcolor>White</textcolor>
				<shadowcolor>Black</shadowcolor>
			</control>

			<control type="grouplist" id="9001">
				<left>930</left>
				<top>80</top>
				<onleft>450</onleft>
				<onleft>451</onleft>
				<itemgap>20</itemgap>
				<onright>3</onright>
				<include content="DefaultDialogButton">
					<param name="id" value="413" />
					<param name="label" value="$LOCALIZE[186]" />
				</include>
				<include content="DefaultDialogButton">
					<param name="id" value="414" />
					<param name="label" value="$LOCALIZE[222]" />
				</include>
			</control>

			<control type="panel" id="450">
				<left>20</left>
				<top>80</top>
				<width>880</width>
				<height>630</height>
				<onright>9001</onright>
				<onup>450</onup>
				<ondown>450</ondown>
				<scrolltime>200</scrolltime>
				<itemlayout height="70" width="940">
					<control type="image">
						<left>10</left>
						<top>10</top>
						<width>50</width>
						<height>50</height>
						<texture>$INFO[ListItem.Icon]</texture>
						<aspectratio>keep</aspectratio>
					</control>
					<control type="label">
						<left>75</left>
						<top>0</top>
						<height>70</height>
						<align>left</align>
						<aligny>center</aligny>
						<font>font24</font>
						<width>800</width>
						<label>$INFO[ListItem.Label]</label>
					</control>
				</itemlayout>
				<focusedlayout height="70" width="940">
					<control type="image">
						<left>0</left>
						<top>0</top>
						<right>0</right>
						<bottom>0</bottom>
						<width>880</width>
						<height>70</height>
						<texture border="8">settings_select_fo.png</texture>
						<visible>Control.HasFocus(450)</visible>
					</control>
					<control type="image">
						<left>10</left>
						<top>10</top>
						<width>50</width>
						<height>50</height>
						<texture>$INFO[ListItem.Icon]</texture>
						<aspectratio>keep</aspectratio>
					</control>
					<control type="label">
						<left>75</left>
						<top>0</top>
						<height>70</height>
						<font>font24</font>
						<width>800</width>
						<aligny>center</aligny>
						<label>$INFO[ListItem.Label]</label>
					</control>
				</focusedlayout>
			</control>
			<control type="panel" id="451">
				<left>20</left>
				<top>80</top>
				<width>880</width>
				<height>630</height>
				<onright>9001</onright>
				<onup>451</onup>
				<ondown>451</ondown>
				<scrolltime>200</scrolltime>
				<itemlayout height="70" width="940">
					<control type="image">
						<left>10</left>
						<top>10</top>
						<width>50</width>
						<height>50</height>
						<texture>$INFO[ListItem.Icon]</texture>
						<aspectratio>keep</aspectratio>
					</control>
					<control type="label">
						<left>75</left>
						<top>0</top>
						<right>20</right>
						<height>70</height>
						<aligny>center</aligny>
						<font>font24</font>
						<width>800</width>
						<label>$INFO[ListItem.Label]</label>
					</control>
				</itemlayout>
				<focusedlayout height="70" width="940">
					<control type="image">
						<left>0</left>
						<top>0</top>
						<right>0</right>
						<bottom>0</bottom>
						<width>880</width>
						<height>70</height>
						<texture border="8">settings_select_fo.png</texture>
						<visible>Control.HasFocus(451)</visible>
					</control>
					<control type="image">
						<left>10</left>
						<top>10</top>
						<width>50</width>
						<height>50</height>
						<texture>$INFO[ListItem.Icon]</texture>
						<aspectratio>keep</aspectratio>
					</control>
					<control type="label">
						<left>75</left>
						<top>0</top>
						<right>20</right>
						<height>70</height>
						<aligny>center</aligny>
						<font>font24</font>
						<width>800</width>
						<label>$INFO[ListItem.Label]</label>
					</control>
				</focusedlayout>
			</control>
		</control>
	</controls>
</window>
