<?xml version="1.0" encoding="UTF-8"?>
<fonts>
	<fontset id="Default" idloc="15109">
		<font>
			<name>font12</name>
			<filename>arial.ttf</filename>
			<size>12</size>
		</font>

		<font>
			<name>font13</name>
			<filename>arial.ttf</filename>
			<size>13</size>
		</font>

		<font>
			<name>font14</name>
			<filename>arial.ttf</filename>
			<size>14</size>
		</font>

		<font>
			<name>font20</name>
			<filename>arial.ttf</filename>
			<size>20</size>
		</font>

		<font>
				<name>font20_breadth</name>
			<filename>arial.ttf</filename>
			<size>26</size>
			<linespacing>1.2</linespacing>
		</font>

		<font>
			<name>font24</name>
			<filename>arial.ttf</filename>
			<size>24</size>
		</font>

		<font>
			<name>font26</name>
			<filename>arial.ttf</filename>
			<size>26</size>
		</font>

		<font>
			<name>font32</name>
			<filename>arial.ttf</filename>
			<size>32</size>
		</font>

		<font>
			<name>font36</name>
			<filename>arial.ttf</filename>
			<size>36</size>
		</font>

		<font>
			<name>font42</name>
			<filename>arial.ttf</filename>
			<size>42</size>
		</font>

		<font>
			<name>font45</name>
			<filename>arial.ttf</filename>
			<size>45</size>
		</font>

		<font>
			<name>font48</name>
			<filename>arial.ttf</filename>
			<size>48</size>
		</font>

		<font>
			<name>font60</name>
			<filename>arial.ttf</filename>
			<size>60</size>
		</font>

		<font>
			<name>font64</name>
			<filename>arial.ttf</filename>
			<size>60</size>
		</font>

		<font>
			<name>keyboard.title</name>
			<filename>arial.ttf</filename>
			<size>20</size>
		</font>
		<font>
			<name>keyboard.space.button</name>
			<filename>arial.ttf</filename>
			<size>18</size>
		</font>
		<font>
			<name>keyboard.character.label</name>
			<filename>arial.ttf</filename>
			<size>24</size>
		</font>

		<font>
			<name>common.loading.lable</name>
			<filename>arial.ttf</filename>
			<size>52</size>
		</font>

		<font>
			<name>help.title.lable</name>
			<filename>arial.ttf</filename>
			<size>46</size>
		</font>

		<font>
			<name>help.item.lable</name>
			<filename>arial.ttf</filename>
			<size>36</size>
		</font>

		<font>
			<name>help.keyboard.lable</name>
			<filename>arial.ttf</filename>
			<size>28</size>
		</font>

		<font>
			<name>home.title</name>
			<filename>arial.ttf</filename>
			<size>48</size>
		</font>
		<font>
			<name>home.time</name>
			<filename>arial.ttf</filename>
			<size>42</size>
		</font>
		<font>
			<name>home.classification.title</name>
			<filename>arial.ttf</filename>
			<size>26</size>
		</font>
		<font>
			<name>home.classification.item</name>
			<filename>arial.ttf</filename>
			<size>32</size>
		</font>
		<font>
			<name>home.classification.item.focus</name>
			<filename>arial.ttf</filename>
			<size>44</size>
		</font>
		<font>
			<name>home.other.item.title</name>
			<filename>arial.ttf</filename>
			<size>24</size>
		</font>
		<font>
			<name>home.enter.label</name>
			<filename>arial.ttf</filename>
			<size>28</size>
		</font>
		<font>
			<name>home.empty.message</name>
			<filename>arial.ttf</filename>
			<size>26</size>
			<linespacing>1.4</linespacing>
		</font>

		<font>
			<name>browse.title</name>
			<filename>arial.ttf</filename>
			<size>34</size>
		</font>
		<font>
			<name>browse.subtitle</name>
			<filename>arial.ttf</filename>
			<size>40</size>
		</font>
		<font>
			<name>browse.classification.item</name>
			<filename>arial.ttf</filename>
			<size>32</size>
		</font>
		<font>
			<name>browse.classification.item.title</name>
			<filename>arial.ttf</filename>
			<size>24</size>
		</font>
		<font>
			<name>browse.classification.item.title.focus</name>
			<filename>arial.ttf</filename>
			<size>28</size>
		</font>
		<font>
			<name>browse.classification.item.length.focus</name>
			<filename>arial.ttf</filename>
			<size>20</size>
		</font>
		<font>
			<name>browse.more.item.label</name>
			<filename>arial.ttf</filename>
			<size>32</size>
		</font>

		<font>
			<name>player.time</name>
			<filename>arial.ttf</filename>
			<size>30</size>
		</font>
		<font>
			<name>player.forwardrewind</name>
			<filename>arial.ttf</filename>
			<size>36</size>
		</font>
		<font>
			<name>player.pause.title</name>
			<filename>arial.ttf</filename>
			<size>36</size>
		</font>
		<font>
			<name>player.pause.label</name>
			<filename>arial.ttf</filename>
			<size>42</size>
		</font>

		<font>
			<name>bookmarks.back.label</name>
			<filename>arial.ttf</filename>
			<size>36</size>
		</font>
		<font>
			<name>bookmarks.title.label</name>
			<filename>arial.ttf</filename>
			<size>42</size>
		</font>
		<font>
			<name>bookmarks.item.label</name>
			<filename>arial.ttf</filename>
			<size>36</size>
		</font>

		<font>
			<name>settings.title.label</name>
			<filename>arial.ttf</filename>
			<size>42</size>
		</font>
		<font>
			<name>settings.item.label</name>
			<filename>arial.ttf</filename>
			<size>38</size>
		</font>

		<font>
			<name>info.title.label</name>
			<filename>arial.ttf</filename>
			<size>34</size>
		</font>
		<font>
			<name>info.subtitle.label</name>
			<filename>arial.ttf</filename>
			<size>40</size>
		</font>
		<font>
			<name>info.play.label</name>
			<filename>arial.ttf</filename>
			<size>36</size>
		</font>
		<font>
			<name>info.description.label</name>
			<filename>arial.ttf</filename>
			<size>26</size>
			<linespacing>1.4</linespacing>
		</font>
		<font>
			<name>info.itemtitle.label</name>
			<filename>arial.ttf</filename>
			<size>26</size>
		</font>
	</fontset>

	<fontset id="Thai" idloc="31000">
		<font>
			<name>font12</name>
			<filename>Waree.ttf</filename>
			<size>12</size>
		</font>

		<font>
			<name>font13</name>
			<filename>Waree.ttf</filename>
			<size>13</size>
		</font>

		<font>
			<name>font14</name>
			<filename>Waree.ttf</filename>
			<size>14</size>
		</font>

		<font>
			<name>font20</name>
			<filename>Waree.ttf</filename>
			<size>20</size>
		</font>

		<font>
				<name>font20_breadth</name>
			<filename>Waree.ttf</filename>
			<size>26</size>
			<linespacing>1.2</linespacing>
		</font>

		<font>
			<name>font24</name>
			<filename>Waree.ttf</filename>
			<size>24</size>
		</font>

		<font>
			<name>font26</name>
			<filename>Waree.ttf</filename>
			<size>26</size>
		</font>

		<font>
			<name>font32</name>
			<filename>Waree.ttf</filename>
			<size>32</size>
		</font>

		<font>
			<name>font36</name>
			<filename>Waree.ttf</filename>
			<size>36</size>
		</font>

		<font>
			<name>font42</name>
			<filename>Waree.ttf</filename>
			<size>42</size>
		</font>

		<font>
			<name>font45</name>
			<filename>Waree.ttf</filename>
			<size>45</size>
		</font>

		<font>
			<name>font48</name>
			<filename>Waree.ttf</filename>
			<size>48</size>
		</font>

		<font>
			<name>font60</name>
			<filename>Waree.ttf</filename>
			<size>60</size>
		</font>

		<font>
			<name>font64</name>
			<filename>Waree.ttf</filename>
			<size>60</size>
		</font>

		<font>
			<name>keyboard.title</name>
			<filename>Waree.ttf</filename>
			<size>20</size>
		</font>
		<font>
			<name>keyboard.space.button</name>
			<filename>Waree.ttf</filename>
			<size>18</size>
		</font>
		<font>
			<name>keyboard.character.label</name>
			<filename>Waree.ttf</filename>
			<size>24</size>
		</font>

		<font>
			<name>common.loading.lable</name>
			<filename>Waree.ttf</filename>
			<size>52</size>
		</font>

		<font>
			<name>help.title.lable</name>
			<filename>Waree.ttf</filename>
			<size>46</size>
		</font>

		<font>
			<name>help.item.lable</name>
			<filename>Waree.ttf</filename>
			<size>36</size>
		</font>

		<font>
			<name>help.keyboard.lable</name>
			<filename>Waree.ttf</filename>
			<size>28</size>
		</font>

		<font>
			<name>home.title</name>
			<filename>Waree.ttf</filename>
			<size>48</size>
		</font>
		<font>
			<name>home.time</name>
			<filename>Waree.ttf</filename>
			<size>42</size>
		</font>
		<font>
			<name>home.classification.title</name>
			<filename>Waree.ttf</filename>
			<size>26</size>
		</font>
		<font>
			<name>home.classification.item</name>
			<filename>Waree.ttf</filename>
			<size>32</size>
		</font>
		<font>
			<name>home.classification.item.focus</name>
			<filename>Waree.ttf</filename>
			<size>44</size>
		</font>
		<font>
			<name>home.other.item.title</name>
			<filename>Waree.ttf</filename>
			<size>24</size>
		</font>
		<font>
			<name>home.enter.label</name>
			<filename>Waree.ttf</filename>
			<size>28</size>
		</font>
		<font>
			<name>home.empty.message</name>
			<filename>Waree.ttf</filename>
			<size>26</size>
			<linespacing>1.4</linespacing>
		</font>

		<font>
			<name>browse.title</name>
			<filename>Waree.ttf</filename>
			<size>34</size>
		</font>
		<font>
			<name>browse.subtitle</name>
			<filename>Waree.ttf</filename>
			<size>40</size>
		</font>
		<font>
			<name>browse.classification.item</name>
			<filename>Waree.ttf</filename>
			<size>32</size>
		</font>
		<font>
			<name>browse.classification.item.title</name>
			<filename>Waree.ttf</filename>
			<size>24</size>
		</font>
		<font>
			<name>browse.classification.item.title.focus</name>
			<filename>Waree.ttf</filename>
			<size>28</size>
		</font>
		<font>
			<name>browse.classification.item.length.focus</name>
			<filename>Waree.ttf</filename>
			<size>20</size>
		</font>
		<font>
			<name>browse.more.item.label</name>
			<filename>Waree.ttf</filename>
			<size>32</size>
		</font>

		<font>
			<name>player.time</name>
			<filename>Waree.ttf</filename>
			<size>30</size>
		</font>
		<font>
			<name>player.forwardrewind</name>
			<filename>Waree.ttf</filename>
			<size>36</size>
		</font>
		<font>
			<name>player.pause.title</name>
			<filename>Waree.ttf</filename>
			<size>36</size>
		</font>
		<font>
			<name>player.pause.label</name>
			<filename>Waree.ttf</filename>
			<size>42</size>
		</font>

		<font>
			<name>bookmarks.back.label</name>
			<filename>Waree.ttf</filename>
			<size>36</size>
		</font>
		<font>
			<name>bookmarks.title.label</name>
			<filename>Waree.ttf</filename>
			<size>42</size>
		</font>
		<font>
			<name>bookmarks.item.label</name>
			<filename>Waree.ttf</filename>
			<size>36</size>
		</font>

		<font>
			<name>settings.title.label</name>
			<filename>Waree.ttf</filename>
			<size>42</size>
		</font>
		<font>
			<name>settings.item.label</name>
			<filename>Waree.ttf</filename>
			<size>38</size>
		</font>

		<font>
			<name>info.title.label</name>
			<filename>Waree.ttf</filename>
			<size>34</size>
		</font>
		<font>
			<name>info.subtitle.label</name>
			<filename>Waree.ttf</filename>
			<size>40</size>
		</font>
		<font>
			<name>info.play.label</name>
			<filename>Waree.ttf</filename>
			<size>36</size>
		</font>
		<font>
			<name>info.description.label</name>
			<filename>Waree.ttf</filename>
			<size>26</size>
			<linespacing>1.4</linespacing>
		</font>
		<font>
			<name>info.itemtitle.label</name>
			<filename>Waree.ttf</filename>
			<size>26</size>
		</font>
	</fontset>
</fonts>
