<includes>
  <!-- Title -->
  <variable name="Sorting.Title.TextColor">
		<value condition="Control.HasFocus(40601)">White</value>
		<value>FF1f2732</value>
	</variable>

  <variable name="Sorting.Title.Order.Ascending.Icon">
		<value condition="Control.HasFocus(40601)">action_ascending_focus.png</value>
		<value>action_ascending.png</value>
	</variable>

  <variable name="Sorting.Title.Order.Decending.Icon">
		<value condition="Control.HasFocus(40601)">action_decending_focus.png</value>
		<value>action_decending.png</value>
	</variable>

  <variable name="Sorting.Title.Selected.Icon">
		<value condition="Control.HasFocus(40601)">action_selected_focus.png</value>
		<value>action_selected.png</value>
	</variable>

  <!-- Classification -->
  <variable name="Sorting.Classification.TextColor">
		<value condition="Control.HasFocus(40602)">White</value>
		<value>FF1f2732</value>
	</variable>

  <variable name="Sorting.Classification.Order.Ascending.Icon">
		<value condition="Control.HasFocus(40602)">action_ascending_focus.png</value>
		<value>action_ascending.png</value>
	</variable>

  <variable name="Sorting.Classification.Order.Decending.Icon">
		<value condition="Control.HasFocus(40602)">action_decending_focus.png</value>
		<value>action_decending.png</value>
	</variable>

  <variable name="Sorting.Classification.Selected.Icon">
		<value condition="Control.HasFocus(40602)">action_selected_focus.png</value>
		<value>action_selected.png</value>
	</variable>

  <!-- DateImported -->
  <variable name="Sorting.DateImported.TextColor">
		<value condition="Control.HasFocus(40603)">White</value>
		<value>FF1f2732</value>
	</variable>

  <variable name="Sorting.DateImported.Order.Ascending.Icon">
		<value condition="Control.HasFocus(40603)">action_ascending_focus.png</value>
		<value>action_ascending.png</value>
	</variable>

  <variable name="Sorting.DateImported.Order.Decending.Icon">
		<value condition="Control.HasFocus(40603)">action_decending_focus.png</value>
		<value>action_decending.png</value>
	</variable>

  <variable name="Sorting.DateImported.Selected.Icon">
		<value condition="Control.HasFocus(40603)">action_selected_focus.png</value>
		<value>action_selected.png</value>
	</variable>

  <!-- RecentlyWatched -->
  <variable name="Sorting.RecentlyWatched.TextColor">
		<value condition="Control.HasFocus(40604)">White</value>
		<value>FF1f2732</value>
	</variable>

  <variable name="Sorting.RecentlyWatched.Order.Ascending.Icon">
		<value condition="Control.HasFocus(40604)">action_ascending_focus.png</value>
		<value>action_ascending.png</value>
	</variable>

  <variable name="Sorting.RecentlyWatched.Order.Decending.Icon">
		<value condition="Control.HasFocus(40604)">action_decending_focus.png</value>
		<value>action_decending.png</value>
	</variable>

  <variable name="Sorting.RecentlyWatched.Selected.Icon">
		<value condition="Control.HasFocus(40604)">action_selected_focus.png</value>
		<value>action_selected.png</value>
	</variable>

  <!-- RecentlyRelease -->
  <variable name="Sorting.RecentlyRelease.TextColor">
		<value condition="Control.HasFocus(40605)">White</value>
		<value>FF1f2732</value>
	</variable>

  <variable name="Sorting.RecentlyRelease.Order.Ascending.Icon">
		<value condition="Control.HasFocus(40605)">action_ascending_focus.png</value>
		<value>action_ascending.png</value>
	</variable>

  <variable name="Sorting.RecentlyRelease.Order.Decending.Icon">
		<value condition="Control.HasFocus(40605)">action_decending_focus.png</value>
		<value>action_decending.png</value>
	</variable>

  <variable name="Sorting.RecentlyRelease.Selected.Icon">
		<value condition="Control.HasFocus(40605)">action_selected_focus.png</value>
		<value>action_selected.png</value>
	</variable>

  <!-- DateTaken -->
  <variable name="Sorting.DateTaken.TextColor">
		<value condition="Control.HasFocus(40606)">White</value>
		<value>FF1f2732</value>
	</variable>

  <variable name="Sorting.DateTaken.Order.Ascending.Icon">
		<value condition="Control.HasFocus(40606)">action_ascending_focus.png</value>
		<value>action_ascending.png</value>
	</variable>

  <variable name="Sorting.DateTaken.Order.Decending.Icon">
		<value condition="Control.HasFocus(40606)">action_decending_focus.png</value>
		<value>action_decending.png</value>
	</variable>

  <variable name="Sorting.DateTaken.Selected.Icon">
		<value condition="Control.HasFocus(40606)">action_selected_focus.png</value>
		<value>action_selected.png</value>
	</variable>

  <!-- Duration -->
  <variable name="Sorting.Duration.TextColor">
		<value condition="Control.HasFocus(40607)">White</value>
		<value>FF1f2732</value>
	</variable>

  <variable name="Sorting.Duration.Order.Ascending.Icon">
		<value condition="Control.HasFocus(40607)">action_ascending_focus.png</value>
		<value>action_ascending.png</value>
	</variable>

  <variable name="Sorting.Duration.Order.Decending.Icon">
		<value condition="Control.HasFocus(40607)">action_decending_focus.png</value>
		<value>action_decending.png</value>
	</variable>

  <variable name="Sorting.Duration.Selected.Icon">
		<value condition="Control.HasFocus(40607)">action_selected_focus.png</value>
		<value>action_selected.png</value>
	</variable>

  <!-- Resolution -->
  <variable name="Sorting.Resolution.TextColor">
		<value condition="Control.HasFocus(40608)">White</value>
		<value>FF1f2732</value>
	</variable>

  <variable name="Sorting.Resolution.Order.Ascending.Icon">
		<value condition="Control.HasFocus(40608)">action_ascending_focus.png</value>
		<value>action_ascending.png</value>
	</variable>

  <variable name="Sorting.Resolution.Order.Decending.Icon">
		<value condition="Control.HasFocus(40608)">action_decending_focus.png</value>
		<value>action_decending.png</value>
	</variable>

  <variable name="Sorting.Resolution.Selected.Icon">
		<value condition="Control.HasFocus(40608)">action_selected_focus.png</value>
		<value>action_selected.png</value>
	</variable>

  <!-- Size -->
  <variable name="Sorting.Size.TextColor">
		<value condition="Control.HasFocus(40609)">White</value>
		<value>FF1f2732</value>
	</variable>

  <variable name="Sorting.Size.Order.Ascending.Icon">
		<value condition="Control.HasFocus(40609)">action_ascending_focus.png</value>
		<value>action_ascending.png</value>
	</variable>

  <variable name="Sorting.Size.Order.Decending.Icon">
		<value condition="Control.HasFocus(40609)">action_decending_focus.png</value>
		<value>action_decending.png</value>
	</variable>

  <variable name="Sorting.Size.Selected.Icon">
		<value condition="Control.HasFocus(40609)">action_selected_focus.png</value>
		<value>action_selected.png</value>
	</variable>

  <!-- ColorLabel -->
  <variable name="Sorting.ColorLabel.TextColor">
		<value condition="Control.HasFocus(40610)">White</value>
		<value>FF1f2732</value>
	</variable>

  <variable name="Sorting.ColorLabel.Order.Ascending.Icon">
		<value condition="Control.HasFocus(40610)">action_ascending_focus.png</value>
		<value>action_ascending.png</value>
	</variable>

  <variable name="Sorting.ColorLabel.Order.Decending.Icon">
		<value condition="Control.HasFocus(40610)">action_decending_focus.png</value>
		<value>action_decending.png</value>
	</variable>

  <variable name="Sorting.ColorLabel.Selected.Icon">
		<value condition="Control.HasFocus(40610)">action_selected_focus.png</value>
		<value>action_selected.png</value>
	</variable>

  <!-- Rating -->
  <variable name="Sorting.Rating.TextColor">
		<value condition="Control.HasFocus(40611)">White</value>
		<value>FF1f2732</value>
	</variable>

  <variable name="Sorting.Rating.Order.Ascending.Icon">
		<value condition="Control.HasFocus(40611)">action_ascending_focus.png</value>
		<value>action_ascending.png</value>
	</variable>

  <variable name="Sorting.Rating.Order.Decending.Icon">
		<value condition="Control.HasFocus(40611)">action_decending_focus.png</value>
		<value>action_decending.png</value>
	</variable>

  <variable name="Sorting.Rating.Selected.Icon">
		<value condition="Control.HasFocus(40611)">action_selected_focus.png</value>
		<value>action_selected.png</value>
	</variable>

  <!-- CreationDate -->
  <variable name="Sorting.CreationDate.TextColor">
		<value condition="Control.HasFocus(40612)">White</value>
		<value>FF1f2732</value>
	</variable>

  <variable name="Sorting.CreationDate.Order.Ascending.Icon">
		<value condition="Control.HasFocus(40612)">action_ascending_focus.png</value>
		<value>action_ascending.png</value>
	</variable>

  <variable name="Sorting.CreationDate.Order.Decending.Icon">
		<value condition="Control.HasFocus(40612)">action_decending_focus.png</value>
		<value>action_decending.png</value>
	</variable>

  <variable name="Sorting.CreationDate.Selected.Icon">
		<value condition="Control.HasFocus(40612)">action_selected_focus.png</value>
		<value>action_selected.png</value>
	</variable>
</includes>
