<includes>
  <constant name="PlayerControlWidth">1784</constant>

	<variable name="Volume.Icon">
		<value condition="StringCompare(Window(home).Property(Global.Volume.State), Small)">player_volume_1.png</value>
		<value condition="StringCompare(Window(home).Property(Global.Volume.State), Medium)">player_volume_2.png</value>
		<value condition="StringCompare(Window(home).Property(Global.Volume.State), Large)">player_volume_3.png</value>
		<value>player_volume_mute.png</value>
	</variable>

  <variable name="Volume.Icon.Focus">
		<value condition="StringCompare(Window(home).Property(Global.Volume.State), Small)">player_volume_1_on.png</value>
		<value condition="StringCompare(Window(home).Property(Global.Volume.State), Medium)">player_volume_2_on.png</value>
		<value condition="StringCompare(Window(home).Property(Global.Volume.State), Large)">player_volume_3_on.png</value>
		<value>player_volume_mute_on.png</value>
	</variable>

	<variable name="Volume.Instant.Icon">
		<value condition="StringCompare(Window(home).Property(Global.Volume.State), Small)">player_instant_volume_1.png</value>
		<value condition="StringCompare(Window(home).Property(Global.Volume.State), Medium)">player_instant_volume_2.png</value>
		<value condition="StringCompare(Window(home).Property(Global.Volume.State), Large)">player_instant_volume_3.png</value>
		<value>player_instant_mute.png</value>
	</variable>

	<variable name="Volume.Slider.Nib">
		<value condition="Window.IsVisible(Mutebug)">player_slider_nib_mute.png</value>
		<value>player_slider_nib.png</value>
	</variable>

	<variable name="Player.Progress.Slider.Nib.Focus">
		<value condition="!Control.HasFocus(30206)">player_slider_nib_mute.png</value>
		<value>player_slider_nib.png</value>
	</variable>

	<variable name="Player.ForwardRewind.Var">
      <value condition="Player.Forwarding2x | Player.Rewinding2x">2x</value>
      <value condition="Player.Forwarding4x | Player.Rewinding4x">4x</value>
      <value condition="Player.Forwarding8x | Player.Rewinding8x">8x</value>
      <value condition="Player.Forwarding16x | Player.Rewinding16x">16x</value>
      <value condition="Player.Forwarding32x | Player.Rewinding32x">32x</value>
  </variable>

	<variable name="Player.ForwardRewind.Instant.Icon">
		<value condition="Player.Forwarding">player_instant_forward.png</value>
		<value condition="Player.Rewinding">player_instant_rewind.png</value>
	</variable>

  <variable name="PlayerControl.Subtitle.Enable.Image">
    <value condition="VideoPlayer.SubtitlesEnabled + VideoPlayer.HasSubtitles">player_cc_on.png</value>
		<value>player_cc_off.png</value>
	</variable>

  <variable name="PlayerControl.Subtitle.Enable.Label">
    <value condition="VideoPlayer.SubtitlesEnabled + VideoPlayer.HasSubtitles">$LOCALIZE[24022]</value>
		<value>$LOCALIZE[24021]</value>
	</variable>

  <include name="Player.Pause.Message">
	  <control type="group">
	    <animation type="VisibleChange" reversible="false">
	      <effect type="fade" start="0" end="100" time="500" />
	    </animation>
	    <animation type="WindowOpen" reversible="false">
	      <effect type="fade" start="0" end="100" time="500" />
	    </animation>
	    <animation type="WindowClose" reversible="false">
	      <effect type="fade" start="100" end="0" time="500" />
	    </animation>

	    <visible>Player.Paused</visible>
	    <control type="image">
	      <width>FullScreenWidth</width>
				<height>FullScreenHeight</height>
				<texture>cb_99000000.png</texture>
			</control>

	    <control type="image">
	      <top>378</top>
	      <centerleft>960</centerleft>
				<width>220</width>
				<height>220</height>
	      <align>center</align>
				<texture>player_center_pause.png</texture>
			</control>

	    <control type="label">
				<top>638</top>
				<width>FullScreenWidth</width>
				<height>30</height>
				<label>Now playing</label>
				<textoffsetx>0</textoffsetx>
				<align>center</align>
				<aligny>center</aligny>
				<font>player.pause.title</font>
				<textcolor>80FFFFFF</textcolor>
			</control>

      <control type="label">
				<top>688</top>
				<width>FullScreenWidth</width>
				<height>30</height>
				<label>The Founder (2016)</label>
				<textoffsetx>0</textoffsetx>
				<align>center</align>
				<aligny>center</aligny>
				<font>player.pause.label</font>
				<textcolor>FFFFFFFF</textcolor>
			</control>
	  </control>
  </include>
</includes>
