<includes>
  <variable name="Login.Host.Line.Color">
    <value condition="Control.HasFocus(30901)">cb_FF14cad3.png</value>
		<value>cb_99e0e0e0.png</value>
	</variable>
  <variable name="Login.Username.Line.Color">
    <value condition="Control.HasFocus(30902)">cb_FF14cad3.png</value>
		<value>cb_99e0e0e0.png</value>
	</variable>
  <variable name="Login.Password.Line.Color">
    <value condition="Control.HasFocus(30903)">cb_FF14cad3.png</value>
		<value>cb_99e0e0e0.png</value>
	</variable>
  <variable name="Login.Port.Line.Color">
    <value condition="Control.HasFocus(30904)">cb_FF14cad3.png</value>
		<value>cb_99e0e0e0.png</value>
	</variable>

  <variable name="Login.RememberMe.Text.Color">
    <value condition="Control.HasFocus(30905)">FF01A8A3</value>
		<value>FF053b5a</value>
	</variable>

  <variable name="Login.EnableSSL.Text.Color">
    <value condition="Control.HasFocus(30906)">FF01A8A3</value>
		<value>FF053b5a</value>
	</variable>
</includes>
