<?xml version="1.0" encoding="UTF-8"?>
<includes>
	<!-- DEFAULT ELEMENT -->
	<include file="Defaults.xml" />

	<!-- COMMON ELEMENT -->
	<include file="Includes_Common.xml" />

	<!-- HOME ELEMENT -->
	<include file="Includes_Home.xml" />

	<!-- BROWSE ELEMENT -->
	<include file="Includes_Browse.xml" />

	<!-- SIDEMENU ELEMENT -->
	<include file="Includes_Sidemenu.xml" />

	<!-- PLAYER ELEMENT -->
	<include file="Includes_Player.xml" />

	<!-- INFO ELEMENT -->
	<include file="Includes_Info.xml" />

	<!-- SORTING ELEMENT -->
	<include file="Includes_Sorting.xml" />

	<!-- FILTER ELEMENT -->
	<include file="Includes_Filter.xml" />

	<!-- LOGIN ELEMENT -->
	<include file="Includes_Login.xml" />

	<constant name="FullScreenWidth">1920</constant>
	<constant name="FullScreenHeight">1080</constant>

	<!-- KEYBOARD OBJECT KEY -->
	<include name="KeyboardKey">
		<width>50</width>
		<height>40</height>
		<textoffsetx>0</textoffsetx>
		<texturenofocus border="5">keyboard/KeyboardKeyNF.png</texturenofocus>
		<texturefocus border="5">keyboard/KeyboardKey.png</texturefocus>
		<font>keyboard.character.label</font>
		<focusedcolor>Blue</focusedcolor>
	</include>

	<include name="DefaultDialogButton">
		<param name="width">340</param>
		<param name="height">100</param>
		<param name="wrapmultiline">false</param>
		<param name="font">font26</param>
		<param name="onclick"></param>
		<param name="visible">true</param>
		<definition>
			<control type="button" id="$PARAM[id]">
				<width>$PARAM[width]</width>
				<height>$PARAM[height]</height>
				<label>$PARAM[label]</label>
				<font>$PARAM[font]</font>
				<textoffsetx>20</textoffsetx>
				<onclick>$PARAM[onclick]</onclick>
				<wrapmultiline>$PARAM[wrapmultiline]</wrapmultiline>
				<align>center</align>
				<texturefocus>login_button_focus.png</texturefocus>
				<texturenofocus>login_button_normal.png</texturenofocus>
				<visible>$PARAM[visible]</visible>
			</control>
		</definition>
	</include>

	<include name="DefaultSimpleListLayout">
		<param name="align">left</param>
		<param name="height">70</param>
		<param name="font">font42</param>
		<param name="fontcolor">Grey</param>
		<definition>
			<itemlayout width="$PARAM[width]" height="$PARAM[height]">
				<control type="label">
					<left>20</left>
					<top>0</top>
					<right>20</right>
					<bottom>0</bottom>
					<width>$PARAM[width]</width>
					<height>$PARAM[height]</height>
					<align>$PARAM[align]</align>
					<font>$PARAM[font]</font>
					<aligny>center</aligny>
					<label>$INFO[ListItem.Label]</label>
					<textcolor>$PARAM[fontcolor]</textcolor>
					<scroll>true</scroll>
				</control>
			</itemlayout>
			<focusedlayout width="$PARAM[width]" height="$PARAM[height]">
				<control type="image">
					<left>0</left>
					<top>0</top>
					<right>0</right>
					<bottom>0</bottom>
					<width>$PARAM[width]</width>
					<height>$PARAM[height]</height>
					<texture border="8">settings_select_fo.png</texture>
					<visible>Control.HasFocus($PARAM[list_id])</visible>
				</control>
				<control type="label">
					<left>20</left>
					<top>0</top>
					<right>20</right>
					<bottom>0</bottom>
					<width>$PARAM[width]</width>
					<height>$PARAM[height]</height>
					<align>$PARAM[align]</align>
					<font>$PARAM[font]</font>
					<aligny>center</aligny>
					<label>$INFO[ListItem.Label]</label>
					<scroll>true</scroll>
				</control>
			</focusedlayout>
		</definition>
	</include>
</includes>
