<?xml version="1.0" encoding="UTF-8"?>
<window id="11">
	<defaultcontrol always="true">8</defaultcontrol>
	<allowoverlay>yes</allowoverlay>

	<controls>
		<control type="mover" id="8">
			<description>top left mover</description>
			<posx>0</posx>
			<posy>0</posy>
			<width>300</width>
			<height>300</height>
			<texturefocus>calibrate_top_left.png</texturefocus>
			<texturenofocus>-</texturenofocus>
		</control>

		<control type="mover" id="9">
			<description>right bottom mover</description>
			<posx>700</posx>
			<posy>500</posy>
			<width>300</width>
			<height>300</height>
			<texturefocus>calibrate_bottom_right.png</texturefocus>
			<texturenofocus>-</texturenofocus>
		</control>

		<control type="mover" id="10">
			<description>subtitle position mover</description>
			<posx>200</posx>
			<posy>500</posy>
			<width>512</width>
			<height>128</height>
			<texturefocus>calibrate_subtitles.png</texturefocus>
			<texturenofocus>-</texturenofocus>
		</control>

		<control type="resize" id="11">
			<description>pixel aspect ratio box</description>
			<posx>0</posx>
			<posy>232</posy>
			<width>256</width>
			<height>256</height>
			<texturefocus>calibrate_pixel_ratio.png</texturefocus>
			<texturenofocus>-</texturenofocus>
		</control>

		<control type="label" id="2">
			<description>coordinates label</description>
			<posx>340</posx>
			<posy>80</posy>
			<width>1240</width>
			<align>center</align>
			<font>q_font40</font>
			<label>-</label>
			<shadowcolor>Black</shadowcolor>
		</control>

		<control type="label" id="3">
			<description>help information</description>
			<posx>340</posx>
			<posy>140</posy>
			<width>1240</width>
			<align>center</align>
			<font>q_font40</font>
			<label>-</label>
			<shadowcolor>Black</shadowcolor>
		</control>
		
		<control type="label" id="4">
			<description>help information</description>
			<posx>340</posx>
			<posy>200</posy>
			<width>1240</width>
			<align>center</align>
			<font>q_font40</font>
			<label>$LOCALIZE[60046]</label>
			<shadowcolor>Black</shadowcolor>
		</control>

	</controls>

</window>