<window>
	<!--defaultcontrol always="false">31308</defaultcontrol-->
	<animation effect="fade" start="0" end="100" time="300">WindowOpen</animation>
	<animation effect="fade" start="100" end="0" time="300">WindowClose</animation>
	<controls>
		<control type="image">
			<animation effect="fade" start="0" end="100" time="200">WindowOpen</animation>
			<animation effect="fade" start="100" end="0" time="200">WindowClose</animation>
			<width>1920</width>
			<width>1080</width>
			<texture>background_action_mask.png</texture>
			<aspectratio>stretch</aspectratio>
		</control>

		<control type="group">
			<right>0</right>
			<width>760</width>
			<animation effect="slide" start="760,0" end="0,0" time="300" tween="quadratic">WindowOpen</animation>
			<animation effect="slide" start="0,0" end="760,0" time="300" tween="quadratic">WindowClose</animation>
			<control type="image">
				<texture>cb_FFE0E0E0.png</texture>
			</control>
			<control type="label">
					<posx>60</posx>
					<height>120</height>
					<width>580</width>
					<aligny>center</aligny>
					<font>font42</font>
					<scroll>true</scroll>
					<textcolor>FF080a0a</textcolor>
					<label>$ADDON[script.videohd.core 62011]</label>
			</control>

			<control type="group">
				<visible>String.IsEqual(Window(home).Property(Finder.Status),done)</visible>
				<control type="button" id="31302">
					<top>35</top>
					<right>50</right>
					<height>50</height>
					<width>50</width>
					<texturenofocus>login_refresh.png</texturenofocus>
					<texturefocus>login_refresh_focus.png</texturefocus>
					<ondown>31301</ondown>
				</control>
				<control type="panel" id="31301">
					<animation effect="fade" time="400">VisibleChange</animation>
					<top>120</top>
					<width>760</width>
					<height>840</height>
					<viewtype>list</viewtype>
					<orientation>vertical</orientation>
					<pagecontrol>31303</pagecontrol>
					<onup>31302</onup>
					<ondown>-</ondown>
					<itemlayout width="760" height="120">
						<control type="group">
							<control type="image">
								<left>60</left>
								<centertop>50%</centertop>
								<width>80</width>
								<height>80</height>
								<texture>$INFO[ListItem.Thumb]</texture>
							</control>
							<control type="group">
								<height>80</height>
								<centertop>60%</centertop>
								<left>180</left>
								<control type="label">
										<height>30</height>
										<font>font24</font>
										<textcolor>Black</textcolor>
										<label>$INFO[ListItem.Label]</label>
								</control>
								<control type="label">
										<top>30</top>
										<height>30</height>
										<font>font20</font>
										<textcolor>Black</textcolor>
										<label>$INFO[ListItem.Label2]</label>
								</control>
							</control>
						</control>
					</itemlayout>
					<focusedlayout width="760" height="120">
						<control type="image">
								<width>760</width>
								<height>120</height>
								<texture>cb_FF00b1af.png</texture>
						</control>
						<control type="image">
								<width>760</width>
								<height>120</height>
								<texture>bookmark_item_border.png</texture>
						</control>
						<control type="group">
							<control type="image">
								<left>60</left>
								<centertop>50%</centertop>
								<width>80</width>
								<height>80</height>
								<texture>$INFO[ListItem.Property(thumb.focus)]</texture>
							</control>
							<control type="group">
								<height>80</height>
								<centertop>60%</centertop>
								<left>180</left>
								<control type="label">
										<height>30</height>
										<font>font24</font>
										<textcolor>Black</textcolor>
										<label>$INFO[ListItem.Label]</label>
								</control>
								<control type="label">
										<top>30</top>
										<height>30</height>
										<font>font20</font>
										<textcolor>Black</textcolor>
										<label>$INFO[ListItem.Label2]</label>
								</control>
							</control>
						</control>
					</focusedlayout>
					<!--content>
						<item>
							<label>XBMC-Builder</label>
							<label2>192.168.82.83</label2>
							<thumb>NAS/ic_nas_4@s.png</thumb>
							<property name="thumb.focus">NAS_White/ic_nas_4@s.png</property>
							<onclick>-</onclick>
						</item>
						<item>
							<label>XBMC-Builder</label>
							<label2>192.168.82.83</label2>
							<thumb>NAS/ic_nas_4@s.png</thumb>
							<property name="thumb.focus">NAS_White/ic_nas_4@s.png</property>
							<onclick>-</onclick>
						</item>
						<item>
							<label>XBMC-Builder</label>
							<label2>192.168.82.83</label2>
							<thumb>NAS/ic_nas_4@s.png</thumb>
							<property name="thumb.focus">NAS_White/ic_nas_4@s.png</property>
							<onclick>-</onclick>
						</item>
						<item>
							<label>XBMC-Builder</label>
							<label2>192.168.82.83</label2>
							<thumb>NAS/ic_nas_4@s.png</thumb>
							<property name="thumb.focus">NAS_White/ic_nas_4@s.png</property>
							<onclick>-</onclick>
						</item>
						<item>
							<label>XBMC-Builder</label>
							<label2>192.168.82.83</label2>
							<thumb>NAS/ic_nas_4@s.png</thumb>
							<property name="thumb.focus">NAS_White/ic_nas_4@s.png</property>
							<onclick>-</onclick>
						</item>
						<item>
							<label>XBMC-Builder</label>
							<label2>192.168.82.83</label2>
							<thumb>NAS/ic_nas_4@s.png</thumb>
							<property name="thumb.focus">NAS_White/ic_nas_4@s.png</property>
							<onclick>-</onclick>
						</item>
						<item>
							<label>XBMC-Builder</label>
							<label2>192.168.82.83</label2>
							<thumb>NAS/ic_nas_4@s.png</thumb>
							<property name="thumb.focus">NAS_White/ic_nas_4@s.png</property>
							<onclick>-</onclick>
						</item>
						<item>
							<label>XBMC-Builder</label>
							<label2>192.168.82.83</label2>
							<thumb>NAS/ic_nas_4@s.png</thumb>
							<property name="thumb.focus">NAS_White/ic_nas_4@s.png</property>
							<onclick>-</onclick>
						</item>
					</content-->
				</control>
				<control type="scrollbar" id="31303">
					<width>1</width>
					<height>1</height>
				</control>
				<control type="group">
					<top>120</top>
					<width>760</width>
					<height>74</height>
					<visible>Container(31301).HasPrevious</visible>
					<control type="image">
						<width>760</width>
						<height>74</height>
						<texture>cb_FFE0E0E0.png</texture>
					</control>
					<control type="button" id="31304">
						<height>74</height>
						<width>760</width>
						<texturenofocus>cb_FFE0E0E0.png</texturenofocus>
						<texturefocus>cb_FF01A8A3.png</texturefocus>
						<onclick>pageup(31303)</onclick>
					</control>
					<control type="image">
						<height>74</height>
						<width>760</width>
						<aspectratio>keep</aspectratio>
						<texture>action_up.png</texture>
					</control>
				</control>
				<control type="group">
					<bottom>0</bottom>
					<width>760</width>
					<height>74</height>
					<visible>Container(31301).HasNext</visible>
					<control type="image">
						<width>760</width>
						<height>74</height>
						<texture>cb_FFE0E0E0.png</texture>
					</control>
					<control type="button" id="31304">
						<height>74</height>
						<width>760</width>
						<texturenofocus>cb_FFE0E0E0.png</texturenofocus>
						<texturefocus>cb_FF01A8A3.png</texturefocus>
						<onclick>pagedown(31303)</onclick>
					</control>
					<control type="image">
						<height>74</height>
						<width>760</width>
						<aspectratio>keep</aspectratio>
						<texture>action_down.png</texture>
					</control>
				</control>
			</control>
			<control type="group">
				<visible>String.IsEqual(Window(home).Property(Finder.Status),empty)</visible>
				<control type="label">
						<centertop>50%</centertop>
						<centerleft>50%</centerleft>
						<width>760</width>
						<align>center</align>
						<font>font36</font>
						<textcolor>FF595959</textcolor>
						<label>$ADDON[script.videohd.core 62012]</label>
				</control>
				<control type="grouplist" id="9000">
					<centerleft>50%</centerleft>
					<bottom>230</bottom>
					<width>340</width>
					<height>204</height>
					<orientation>vertical</orientation>
					<itemgap>24</itemgap>
					<control type="button" id="31306">
						<width>340</width>
						<height>90</height>
						<align>center</align>
						<font>font42</font>
						<label>$ADDON[script.videohd.core 60083]</label>
						<texturenofocus>login_button_normal.png</texturenofocus>
						<texturefocus>login_button_focus.png</texturefocus>
						<textcolor>FF374751</textcolor>
						<focusedcolor>FFeeeeee</focusedcolor>
						<ondown>31307</ondown>
					</control>
					<control type="button" id="31307">
						<width>340</width>
						<height>90</height>
						<align>center</align>
						<font>font42</font>
						<label>$ADDON[script.videohd.core 60017]</label>
						<texturenofocus>login_button_normal.png</texturenofocus>
						<texturefocus>login_button_focus.png</texturefocus>
						<textcolor>FF374751</textcolor>
						<focusedcolor>FFeeeeee</focusedcolor>
						<onup>31306</onup>
					</control>
				</control>
			</control>
			<control type="group">
				<visible>String.IsEqual(Window(home).Property(Finder.Status),searching)</visible>
				<control type="grouplist" id="9001">
					<centertop>45%</centertop>
					<width>760</width>
					<height>60</height>
					<align>center</align>
					<orientation>horizontal</orientation>
					<itemgap>24</itemgap>
					<control type="multiimage">
						<width>60</width>
						<height>60</height>
						<imagepath>loading</imagepath>
						<timeperimage>170</timeperimage>
						<fadetime>0</fadetime>
						<pauseatend>0</pauseatend>
						<randomize>false</randomize>
						<loop>yes</loop>
						<aspectratio>keep</aspectratio>
					</control>
					<control type="label">
							<height>60</height>
							<width>300</width>
							<align>center</align>
							<font>font36</font>
							<textcolor>FF595959</textcolor>
							<label>$ADDON[script.videohd.core 62013]</label>
					</control>
				</control>
				<control type="button" id="31308">
					<centerleft>50%</centerleft>
					<bottom>370</bottom>
					<width>340</width>
					<height>96</height>
					<align>center</align>
					<font>font48</font>
					<label>$ADDON[script.videohd.core 60017]</label>
					<texturenofocus>login_button_normal.png</texturenofocus>
					<texturefocus>login_button_focus.png</texturefocus>
					<textcolor>FF374751</textcolor>
					<focusedcolor>FFeeeeee</focusedcolor>
				</control>
			</control>
		</control>
  </controls>
</window>
