<window>
	<allowoverlay>yes</allowoverlay>
	<defaultcontrol always="true">30303</defaultcontrol>
	<animation effect="fade" start="0" end="100" time="200">WindowOpen</animation>
	<animation effect="fade" start="100" end="0" time="200">WindowClose</animation>
	<controls>
		<!-- BACK TITLE -->
		<control type="group">
			<width>FullScreenWidth</width>
			<height>100</height>
			<animation effect="fade" start="0" end="100" time="200">VisibleChange</animation>
			<control type="image">
				<visible>Control.HasFocus(30301)</visible>
				<width>60</width>
				<height>60</height>
				<left>20</left>
				<centertop>50</centertop>
				<aligny>center</aligny>
				<texture>cb_FF00ebe8.png</texture>
			</control>
			<control type="button" id="30301">
				<texturefocus>title_back_focus.png</texturefocus>
				<texturenofocus>title_back_focus.png</texturenofocus>
				<width>60</width>
				<height>60</height>
				<left>20</left>
				<centertop>50</centertop>
				<aligny>center</aligny>
				<onright>30303</onright>
				<ondown>30303</ondown>
			</control>
			<control type="label" id="30302">
				<centertop>50</centertop>
				<left>100</left>
				<width>250</width>
				<height>90</height>
				<label>$ADDON[script.videohd.core 60017]</label>
				<textoffsetx>0</textoffsetx>
				<align>left</align>
				<aligny>center</aligny>
				<font>bookmarks.back.label</font>
				<textcolor>FFFFFFFF</textcolor>
			</control>
		</control>

		<!-- TITLE -->
		<control type="label">
			<top>100</top>
			<width>FullScreenWidth</width>
			<height>90</height>
			<label>[UPPERCASE]$ADDON[script.videohd.core 60018]($INFO[Window(home).Property(Bookmarks.Counts)])[/UPPERCASE]</label>
			<textoffsetx>0</textoffsetx>
			<align>center</align>
			<aligny>center</aligny>
			<font>bookmarks.title.label</font>
			<textcolor>FFFFFFFF</textcolor>
		</control>

		<!-- BOOKMARKS PANEL -->
		<control type="group">
			<top>192</top>
			<width>FullScreenWidth</width>
			<control type="panel" id="30303">
				<animation effect="fade" time="400">VisibleChange</animation>
				<centerleft>960</centerleft>
				<width>700</width>
				<height>610</height>
				<viewtype>list</viewtype>
				<orientation>vertical</orientation>
				<pagecontrol>30304</pagecontrol>
				<onup>30301</onup>
				<onleft>30301</onleft>
				<onright>30304</onright>
				<ondown>noop</ondown>
				<itemlayout width="700" height="122">
					<control type="image">
							<width>700</width>
							<height>92</height>
							<texture>cb_FF000000.png</texture>
					</control>
					<control type="label">
							<left>36</left>
							<width min="40" max="460">auto</width>
							<height>92</height>
							<align>left</align>
							<aligny>center</aligny>
							<font>bookmarks.item.label</font>
							<textcolor>White</textcolor>
							<label>$INFO[ListItem.Label]</label>
					</control>
					<control type="label">
							<left>504</left>
							<width>700</width>
							<height>92</height>
							<align>left</align>
							<aligny>center</aligny>
							<font>bookmarks.item.label</font>
							<textcolor>White</textcolor>
							<label>$INFO[ListItem.Property(bookmark.offset)]</label>
					</control>
				</itemlayout>
				<focusedlayout width="700" height="122">
					<control type="image">
							<width>700</width>
							<height>92</height>
							<texture>cb_FF00b1af.png</texture>
					</control>
					<control type="image">
							<width>700</width>
							<height>92</height>
							<texture>bookmark_item_border.png</texture>
					</control>
					<control type="label">
							<left>36</left>
							<width min="40" max="460">auto</width>
							<height>92</height>
							<align>left</align>
							<aligny>center</aligny>
							<font>bookmarks.item.label</font>
							<textcolor>White</textcolor>
							<label>$INFO[ListItem.Label]</label>
					</control>
					<control type="label">
							<left>504</left>
							<width>700</width>
							<height>92</height>
							<align>left</align>
							<aligny>center</aligny>
							<font>bookmarks.item.label</font>
							<textcolor>White</textcolor>
							<label>$INFO[ListItem.Property(bookmark.offset)]</label>
					</control>
				</focusedlayout>
				<!--content>
					<item>
						<label>Chapter 01</label>
						<property name="bookmark.offset">00:00:01</property>
						<onclick>-</onclick>
					</item>
					<item>
						<label>Chapter 02</label>
						<property name="bookmark.offset">00:00:00</property>
						<onclick>-</onclick>
					</item>
					<item>
						<label>Chapter 03</label>
						<property name="bookmark.offset">00:00:00</property>
						<onclick>-</onclick>
					</item>
					<item>
						<label>Chapter 04</label>
						<property name="bookmark.offset">00:00:00</property>
						<onclick>-</onclick>
					</item>
					<item>
						<label>Chapter 05</label>
						<property name="bookmark.offset">00:00:00</property>
						<onclick>-</onclick>
					</item>
					<item>
						<label>Chapter 06</label>
						<property name="bookmark.offset">00:00:00</property>
						<onclick>-</onclick>
					</item>
					<item>
						<label>Chapter 07</label>
						<property name="bookmark.offset">00:00:00</property>
						<onclick>-</onclick>
					</item>
					<item>
						<label>Chapter 08</label>
						<property name="bookmark.offset">00:00:00</property>
						<onclick>-</onclick>
					</item>
					<item>
						<label>Chapter 09</label>
						<property name="bookmark.offset">00:00:00</property>
						<onclick>-</onclick>
					</item>
					<item>
						<label>Chapter 10</label>
						<property name="bookmark.offset">00:00:00</property>
						<onclick>-</onclick>
					</item>
					<item>
						<label>Chapter 11</label>
						<property name="bookmark.offset">00:00:00</property>
						<onclick>-</onclick>
					</item>
					<item>
						<label>Chapter 12</label>
						<property name="bookmark.offset">00:00:00</property>
						<onclick>-</onclick>
					</item>
					<item>
						<label>Chapter 13</label>
						<property name="bookmark.offset">00:00:00</property>
						<onclick>-</onclick>
					</item>
					<item>
						<label>Chapter 14</label>
						<property name="bookmark.offset">00:00:00</property>
						<onclick>-</onclick>
					</item>
					<item>
						<label>Chapter 15</label>
						<property name="bookmark.offset">00:00:00</property>
						<onclick>-</onclick>
					</item>
					<item>
						<label>Chapter 16</label>
						<property name="bookmark.offset">00:00:00</property>
						<onclick>-</onclick>
					</item>
				</content-->
			</control>
			<control type="scrollbar" id="30304">
				<left>1370</left>
				<width>12</width>
				<height>590</height>
				<onleft>30303</onleft>
				<orientation>vertical</orientation>
				<texturesliderbarfocus border="2">scrollbar/scrollbar_bookmarks_focus_.png</texturesliderbarfocus>
			</control>
		</control>
	</controls>
</window>
