<window>
	<allowoverlay>yes</allowoverlay>
	<defaultcontrol always="false">31203</defaultcontrol>
	<animation effect="fade" start="0" end="100" time="200">WindowOpen</animation>
	<animation effect="fade" start="100" end="0" time="200">WindowClose</animation>
	<controls>
		<!-- BACK TITLE -->
		<control type="group">
			<width>FullScreenWidth</width>
			<height>100</height>
			<animation effect="fade" start="0" end="100" time="200">VisibleChange</animation>
			<control type="image">
				<visible>Control.HasFocus(31201)</visible>
				<width>60</width>
				<height>60</height>
				<left>20</left>
				<centertop>50</centertop>
				<aligny>center</aligny>
				<texture>cb_FF00ebe8.png</texture>
			</control>
			<control type="button" id="31201">
				<texturefocus>title_back_focus.png</texturefocus>
				<texturenofocus>title_back_focus.png</texturenofocus>
				<width>60</width>
				<height>60</height>
				<left>20</left>
				<centertop>50</centertop>
				<aligny>center</aligny>
				<onright>31204</onright>
				<ondown>31204</ondown>
			</control>
			<control type="label" id="31202">
				<centertop>50</centertop>
				<left>100</left>
				<width>250</width>
				<height>90</height>
				<label>$ADDON[script.videohd.core 60017]</label>
				<textoffsetx>0</textoffsetx>
				<align>left</align>
				<aligny>center</aligny>
				<font>bookmarks.back.label</font>
				<textcolor>FFFFFFFF</textcolor>
			</control>
		</control>

		<control type="label">
			<centertop>5%</centertop>
			<centerleft>50%</centerleft>
			<width>550</width>
			<height>92</height>
			<align>center</align>
			<aligny>center</aligny>
			<font>bookmarks.item.label</font>
			<textcolor>White</textcolor>
			<label>[UPPERCASE]$ADDON[script.videohd.core 60019][/UPPERCASE]</label>
		</control>

		<control type="group">
			<centertop>14%</centertop>
			<centerleft>50%</centerleft>
			<width>550</width>
			<height>92</height>
			<control type="radiobutton" id="31204">
				<width>550</width>
				<height>92</height>
				<align>left</align>
				<font>font36</font>
				<label>$ADDON[script.videohd.core 60019]</label>
				<onclick>ShowSubtitles</onclick>
				<onup>31201</onup>
				<onleft>31201</onleft>
				<ondown>31206</ondown>
				<selected>VideoPlayer.SubtitlesEnabled + VideoPlayer.HasSubtitles</selected>
				<enable>VideoPlayer.HasSubtitles</enable>
				<texturenofocus>cb_99000000.png</texturenofocus>
				<texturefocus>login_button_focus.png</texturefocus>
				<textureradioonfocus></textureradioonfocus>
				<textureradioonnofocus></textureradioonnofocus>
				<textureradioofffocus></textureradioofffocus>
				<textureradiooffnofocus></textureradiooffnofocus>
				<textureradioondisabled></textureradioondisabled>
				<textureradiooffdisabled></textureradiooffdisabled>
				<textcolor>White</textcolor>
				<focusedcolor>White</focusedcolor>
			</control>
			<control type="grouplist">
				<right>10</right>
				<width>550</width>
				<height>92</height>
				<orientation>horizontal</orientation>
				<itemgap>2</itemgap>
				<align>right</align>
				<control type="label">
					<width min="20" max="150">auto</width>
					<height>92</height>
					<aligny>center</aligny>
					<label>$VAR[PlayerControl.Subtitle.Enable.Label]</label>
					<font>font36</font>
				</control>
				<control type="image">
					<height>75</height>
					<width>75</width>
					<animation effect="slide" end="0,10" time="0">WindowOpen</animation>
					<animation effect="slide" end="0,10" time="0">WindowClose</animation>
					<aligny>center</aligny>
					<texture>$VAR[PlayerControl.Subtitle.Enable.Image]</texture>
				</control>
			</control>
		</control>

		<control type="grouplist" id="31203">
			<animation effect="fade" time="200">VisibleChange</animation>
			<centertop>60%</centertop>
			<centerleft>50%</centerleft>
			<width>550</width>
			<height>880</height>
			<orientation>vertical</orientation>
			<pagecontrol>31207</pagecontrol>
			<itemgap>5</itemgap>
			<onright>31207</onright>
			<onup>31204</onup>
			<onleft>31201</onleft>
			<ondown>-</ondown>
			<control type="panel" id="31206">
				<animation effect="fade" time="400">VisibleChange</animation>
				<width>550</width>
				<height>92</height>
				<viewtype>list</viewtype>
				<orientation>vertical</orientation>
				<itemlayout width="550" height="92">
					<control type="image">
							<width>550</width>
							<height>92</height>
							<texture>cb_99000000.png</texture>
					</control>

					<control type="group">
						<visible>ListItem.IsSelected</visible>
						<control type="label">
								<left>92</left>
								<width min="40" max="438">auto</width>
								<height>92</height>
								<align>left</align>
								<aligny>center</aligny>
								<font>bookmarks.item.label</font>
								<textcolor>White</textcolor>
								<selectedcolor>ff01a8a3</selectedcolor>
								<label>$INFO[ListItem.Label]</label>
						</control>
						<control type="image">
							<visible>ListItem.IsSelected</visible>
							<width>92</width>
							<height>92</height>
							<texture>action_selected.png</texture>
						</control>
					</control>
					<control type="label">
							<visible>!ListItem.IsSelected</visible>
							<left>30</left>
							<width min="40" max="458">auto</width>
							<height>92</height>
							<align>left</align>
							<aligny>center</aligny>
							<font>bookmarks.item.label</font>
							<textcolor>White</textcolor>
							<selectedcolor>ff01a8a3</selectedcolor>
							<label>$INFO[ListItem.Label]</label>
					</control>
				</itemlayout>
				<focusedlayout width="550" height="92">
					<control type="image">
							<width>550</width>
							<height>92</height>
							<texture>login_button_focus.png</texture>
					</control>
					<control type="group">
						<visible>ListItem.IsSelected</visible>
						<control type="image">
							<width>92</width>
							<height>92</height>
							<texture>action_selected_focus.png</texture>
						</control>
						<control type="label">
								<left>92</left>
								<width min="40" max="438">auto</width>
								<height>92</height>
								<align>left</align>
								<aligny>center</aligny>
								<font>bookmarks.item.label</font>
								<textcolor>White</textcolor>
								<label>$INFO[ListItem.Label]</label>
						</control>
					</control>
					<control type="label">
							<visible>!ListItem.IsSelected</visible>
							<left>30</left>
							<width min="438" max="488">auto</width>
							<height>92</height>
							<align>left</align>
							<aligny>center</aligny>
							<font>bookmarks.item.label</font>
							<textcolor>White</textcolor>
							<label>$INFO[ListItem.Label]</label>
					</control>
				</focusedlayout>
				<!--content>
					<item>
						<label>Chapter 01</label>
						<onclick>-</onclick>
					</item>
					<item>
						<label>Chapter 02</label>
						<onclick>-</onclick>
					</item>
					<item>
						<label>Chapter 03</label>
						<onclick>-</onclick>
					</item>
					<item>
						<label>Chapter 04</label>
						<onclick>-</onclick>
					</item>
					<item>
						<label>Chapter 05</label>
						<property name="bookmark.offset">00:00:00</property>
						<onclick>-</onclick>
					</item>
					<item>
						<label>Chapter 06</label>
						<property name="bookmark.offset">00:00:00</property>
						<onclick>-</onclick>
					</item>
					<item>
						<label>Chapter 07</label>
						<property name="bookmark.offset">00:00:00</property>
						<onclick>-</onclick>
					</item>
					<item>
						<label>Chapter 08</label>
						<property name="bookmark.offset">00:00:00</property>
						<onclick>-</onclick>
					</item>
					<item>
						<label>Chapter 09</label>
						<property name="bookmark.offset">00:00:00</property>
						<onclick>-</onclick>
					</item>
					<item>
						<label>Chapter 10</label>
						<property name="bookmark.offset">00:00:00</property>
						<onclick>-</onclick>
					</item>
					<item>
						<label>Chapter 11</label>
						<property name="bookmark.offset">00:00:00</property>
						<onclick>-</onclick>
					</item>
					<item>
						<label>Chapter 12</label>
						<property name="bookmark.offset">00:00:00</property>
						<onclick>-</onclick>
					</item>
					<item>
						<label>Chapter 13</label>
						<property name="bookmark.offset">00:00:00</property>
						<onclick>-</onclick>
					</item>
					<item>
						<label>Chapter 14</label>
						<property name="bookmark.offset">00:00:00</property>
						<onclick>-</onclick>
					</item>
					<item>
						<label>Chapter 15</label>
						<property name="bookmark.offset">00:00:00</property>
						<onclick>-</onclick>
					</item>
					<item>
						<label>Chapter 16</label>
						<property name="bookmark.offset">00:00:00</property>
						<onclick>-</onclick>
					</item>
				</content-->
			</control>
			<control type="button" id="31208">
				<width>550</width>
				<height>92</height>
				<align>left</align>
				<font>font36</font>
				<label>$ADDON[script.videohd.core 60061]</label>
				<texturenofocus>cb_99000000.png</texturenofocus>
				<texturefocus>login_button_focus.png</texturefocus>
				<textcolor>White</textcolor>
				<focusedcolor>White</focusedcolor>
				<disabledcolor>4DFFFFFF</disabledcolor>
			</control>
			<control type="multiimage">
				<visible>!IsEmpty(Window(home).Property(Subtitle.ShowLoading))</visible>
				<centerleft>50%</centerleft>
				<width>60</width>
				<height>60</height>
				<align>center</align>
				<aligny>center</aligny>
				<imagepath>loading</imagepath>
				<timeperimage>170</timeperimage>
				<fadetime>0</fadetime>
				<pauseatend>0</pauseatend>
				<randomize>false</randomize>
				<loop>yes</loop>
				<aspectratio>keep</aspectratio>
			</control>
			<control type="label">
				<visible>!IsEmpty(Window(home).Property(Subtitle.ShowEmpty))</visible>
				<width min="20" max="550">auto</width>
				<height>92</height>
				<align>center</align>
				<aligny>center</aligny>
				<label>$ADDON[script.videohd.core 62003]</label>
				<font>font36</font>
			</control>
			<control type="panel" id="31210">
				<animation effect="fade" time="400">VisibleChange</animation>
				<width>550</width>
				<height>1</height>
				<viewtype>list</viewtype>
				<orientation>vertical</orientation>
				<itemlayout width="550" height="92">
					<control type="image">
							<width>550</width>
							<height>92</height>
							<texture>cb_99000000.png</texture>
					</control>
					<control type="label">
							<left>36</left>
							<width min="40" max="460">auto</width>
							<height>92</height>
							<align>left</align>
							<aligny>center</aligny>
							<font>bookmarks.item.label</font>
							<textcolor>White</textcolor>
							<label>$INFO[ListItem.Label]</label>
					</control>
				</itemlayout>
				<focusedlayout width="550" height="92">
					<control type="image">
							<width>550</width>
							<height>92</height>
							<texture>login_button_focus.png</texture>
					</control>
					<control type="label">
							<left>36</left>
							<width min="40" max="460">auto</width>
							<height>92</height>
							<align>left</align>
							<aligny>center</aligny>
							<font>bookmarks.item.label</font>
							<textcolor>White</textcolor>
							<label>$INFO[ListItem.Label]</label>
					</control>
				</focusedlayout>
				<!--content>
					<item>
						<label>Chapter 01</label>
						<onclick>-</onclick>
					</item>
					<item>
						<label>Chapter 02</label>
						<onclick>-</onclick>
					</item>
					<item>
						<label>Chapter 03</label>
						<onclick>-</onclick>
					</item>
					<item>
						<label>Chapter 04</label>
						<onclick>-</onclick>
					</item>
					<item>
						<label>Chapter 05</label>
						<property name="bookmark.offset">00:00:00</property>
						<onclick>-</onclick>
					</item>
					<item>
						<label>Chapter 06</label>
						<property name="bookmark.offset">00:00:00</property>
						<onclick>-</onclick>
					</item>
					<item>
						<label>Chapter 07</label>
						<property name="bookmark.offset">00:00:00</property>
						<onclick>-</onclick>
					</item>
					<item>
						<label>Chapter 08</label>
						<property name="bookmark.offset">00:00:00</property>
						<onclick>-</onclick>
					</item>
					<item>
						<label>Chapter 09</label>
						<property name="bookmark.offset">00:00:00</property>
						<onclick>-</onclick>
					</item>
					<item>
						<label>Chapter 10</label>
						<property name="bookmark.offset">00:00:00</property>
						<onclick>-</onclick>
					</item>
					<item>
						<label>Chapter 11</label>
						<property name="bookmark.offset">00:00:00</property>
						<onclick>-</onclick>
					</item>
					<item>
						<label>Chapter 12</label>
						<property name="bookmark.offset">00:00:00</property>
						<onclick>-</onclick>
					</item>
					<item>
						<label>Chapter 13</label>
						<property name="bookmark.offset">00:00:00</property>
						<onclick>-</onclick>
					</item>
					<item>
						<label>Chapter 14</label>
						<property name="bookmark.offset">00:00:00</property>
						<onclick>-</onclick>
					</item>
					<item>
						<label>Chapter 15</label>
						<property name="bookmark.offset">00:00:00</property>
						<onclick>-</onclick>
					</item>
					<item>
						<label>Chapter 16</label>
						<property name="bookmark.offset">00:00:00</property>
						<onclick>-</onclick>
					</item>
				</content-->
			</control>
		</control>

		<control type="scrollbar" id="31207">
			<centertop>60%</centertop>
			<centerleft>65%</centerleft>
			<width>12</width>
			<height>880</height>
			<onleft>31203</onleft>
			<orientation>vertical</orientation>
			<texturesliderbarfocus border="2">scrollbar/scrollbar_bookmarks_focus_.png</texturesliderbarfocus>
		</control>
	</controls>
</window>
