{
  "TS-112": {
    "type_name": "ic_nas_1b_t1"
  },
  "TS-112P": {
    "type_name": "ic_nas_1b_t1"
  },
  "TS-120": {
    "type_name": "ic_nas_1b_t1"
  },
  "TS-121": {
    "type_name": "ic_nas_1b_t1"
  },
  "TS-131": {
    "type_name": "ic_nas_1b_t1"
  },
  "TS-131P": {
    "type_name": "ic_nas_1b_t1"
  },
  "TS-119P II": {
    "type_name": "ic_nas_1b_t1"
  },
  "TAS-168": {
    "type_name": "ic_nas_1b_t2"
  },
  "TS-128": {
    "type_name": "ic_nas_1b_t2"
  },
  "TS-128A": {
    "type_name": "ic_nas_1b_t2"
  },
  "TS-253 Pro": {
    "type_name": "ic_nas_2b_t1"
  },
  "TS-219P": {
    "type_name": "ic_nas_2b_t1"
  },
  "TS-219P II": {
    "type_name": "ic_nas_2b_t1"
  },
  "TS-219P+": {
    "type_name": "ic_nas_2b_t1"
  },
  "TS-220": {
    "type_name": "ic_nas_2b_t1"
  },
  "TS-221": {
    "type_name": "ic_nas_2b_t1"
  },
  "TS-231": {
    "type_name": "ic_nas_2b_t1"
  },
  "TS-231+": {
    "type_name": "ic_nas_2b_t1"
  },
  "TS-231P": {
    "type_name": "ic_nas_2b_t1"
  },
  "TS-239 Pro": {
    "type_name": "ic_nas_2b_t1"
  },
  "TS-239 Pro II": {
    "type_name": "ic_nas_2b_t1"
  },
  "TS-239 Pro II+": {
    "type_name": "ic_nas_2b_t1"
  },
  "TS-239H": {
    "type_name": "ic_nas_2b_t1"
  },
  "TS-251": {
    "type_name": "ic_nas_2b_t1"
  },
  "TS-251+": {
    "type_name": "ic_nas_2b_t1"
  },
  "TS-251A": {
    "type_name": "ic_nas_2b_t1"
  },
  "TS-253A": {
    "type_name": "ic_nas_2b_t1"
  },
  "TS-259 Pro": {
    "type_name": "ic_nas_2b_t1"
  },
  "TS-259 Pro+": {
    "type_name": "ic_nas_2b_t1"
  },
  "TS-269 Pro": {
    "type_name": "ic_nas_2b_t1"
  },
  "TS-269H": {
    "type_name": "ic_nas_2b_t1"
  },
  "TS-269L": {
    "type_name": "ic_nas_2b_t1"
  },
  "TAS-268": {
    "type_name": "ic_nas_2b_t2"
  },
  "TS-228": {
    "type_name": "ic_nas_2b_t2"
  },
  "TS-228A": {
    "type_name": "ic_nas_2b_t2"
  },
  "TS-253B": {
    "type_name": "ic_nas_2b_t3"
  },
  "HS-210": {
    "type_name": "ic_nas_2b_t4"
  },
  "HS-210-D": {
    "type_name": "ic_nas_2b_t4"
  },
  "HS-210-Onkyo": {
    "type_name": "ic_nas_2b_t4"
  },
  "HS-251": {
    "type_name": "ic_nas_2b_t4"
  },
  "HS-251+": {
    "type_name": "ic_nas_2b_t4"
  },
  "TS-210": {
    "type_name": "ic_nas_2b_t5"
  },
  "TS-212": {
    "type_name": "ic_nas_2b_t5"
  },
  "TS-212-E": {
    "type_name": "ic_nas_2b_t5"
  },
  "TS-212P": {
    "type_name": "ic_nas_2b_t5"
  },
  "TS-251C": {
    "type_name": "ic_nas_2b_t5"
  },
  "TS-328": {
    "type_name": "ic_nas_3b_t1"
  },
  "TS-453 Pro": {
    "type_name": "ic_nas_4b_t1"
  },
  "TS-410": {
    "type_name": "ic_nas_4b_t1"
  },
  "TS-412": {
    "type_name": "ic_nas_4b_t1"
  },
  "TS-419P": {
    "type_name": "ic_nas_4b_t1"
  },
  "TS-419P+": {
    "type_name": "ic_nas_4b_t1"
  },
  "TS-419P II": {
    "type_name": "ic_nas_4b_t1"
  },
  "TS-420": {
    "type_name": "ic_nas_4b_t1"
  },
  "TS-421": {
    "type_name": "ic_nas_4b_t1"
  },
  "TS-431": {
    "type_name": "ic_nas_4b_t1"
  },
  "TS-431+": {
    "type_name": "ic_nas_4b_t1"
  },
  "TS-431P": {
    "type_name": "ic_nas_4b_t1"
  },
  "TS-431X": {
    "type_name": "ic_nas_4b_t1"
  },
  "TS-439 Pro II": {
    "type_name": "ic_nas_4b_t1"
  },
  "TS-439 Pro II+": {
    "type_name": "ic_nas_4b_t1"
  },
  "TS-451": {
    "type_name": "ic_nas_4b_t1"
  },
  "TS-451+": {
    "type_name": "ic_nas_4b_t1"
  },
  "TS-451A": {
    "type_name": "ic_nas_4b_t1"
  },
  "TS-453A": {
    "type_name": "ic_nas_4b_t1"
  },
  "TS-459 Pro": {
    "type_name": "ic_nas_4b_t1"
  },
  "TS-459 Pro II": {
    "type_name": "ic_nas_4b_t1"
  },
  "TS-459 Pro+": {
    "type_name": "ic_nas_4b_t1"
  },
  "TS-469 Pro": {
    "type_name": "ic_nas_4b_t1"
  },
  "TS-469L": {
    "type_name": "ic_nas_4b_t1"
  },
  "TS-470 Pro": {
    "type_name": "ic_nas_4b_t1"
  },
  "TS-470": {
    "type_name": "ic_nas_4b_t1"
  },
  "TVS-463": {
    "type_name": "ic_nas_4b_t1"
  },
  "TVS-471": {
    "type_name": "ic_nas_4b_t1"
  },
  "TS-431X2": {
    "type_name": "ic_nas_4b_t1"
  },
  "SS-439 Pro": {
    "type_name": "ic_nas_4b_t2"
  },
  "TS-451S": {
    "type_name": "ic_nas_4b_t2"
  },
  "TS-453S Pro": {
    "type_name": "ic_nas_4b_t2"
  },
  "TS-453Bmini": {
    "type_name": "ic_nas_4b_t3"
  },
  "TS-453mini": {
    "type_name": "ic_nas_4b_t3"
  },
  "TS-453B": {
    "type_name": "ic_nas_4b_t4"
  },
  "TS-453BT3": {
    "type_name": "ic_nas_4b_t4"
  },
  "TS-410U": {
    "type_name": "ic_nas_4b_t5"
  },
  "TS-412U": {
    "type_name": "ic_nas_4b_t5"
  },
  "TS-419U": {
    "type_name": "ic_nas_4b_t5"
  },
  "TS-419U+": {
    "type_name": "ic_nas_4b_t5"
  },
  "TS-420U": {
    "type_name": "ic_nas_4b_t5"
  },
  "TS-419U II": {
    "type_name": "ic_nas_4b_t5"
  },
  "TS-421U": {
    "type_name": "ic_nas_4b_t5"
  },
  "TS-431U": {
    "type_name": "ic_nas_4b_t5"
  },
  "TS-451U": {
    "type_name": "ic_nas_4b_t5"
  },
  "TS-470U-RP": {
    "type_name": "ic_nas_4b_t5"
  },
  "TS-470U-SP": {
    "type_name": "ic_nas_4b_t5"
  },
  "TS-409U": {
    "type_name": "ic_nas_4b_t5"
  },
  "TS-431XU": {
    "type_name": "ic_nas_4b_t5"
  },
  "TS-431XU-RP": {
    "type_name": "ic_nas_4b_t5"
  },
  "TS-439U-RP/ SP": {
    "type_name": "ic_nas_4b_t5"
  },
  "TS-453U": {
    "type_name": "ic_nas_4b_t5"
  },
  "TS-453U-RP": {
    "type_name": "ic_nas_4b_t5"
  },
  "TS-459U-RP/SP": {
    "type_name": "ic_nas_4b_t5"
  },
  "TS-463U": {
    "type_name": "ic_nas_4b_t5"
  },
  "TS-463U-RP": {
    "type_name": "ic_nas_4b_t5"
  },
  "TS-469U-RP": {
    "type_name": "ic_nas_4b_t5"
  },
  "TS-469U-SP": {
    "type_name": "ic_nas_4b_t5"
  },
  "TVS-471U": {
    "type_name": "ic_nas_4b_t5"
  },
  "TVS-471U-RP": {
    "type_name": "ic_nas_4b_t5"
  },
  "TBS-453A": {
    "type_name": "ic_nas_4b_t6"
  },
  "IS-400 Pro": {
    "type_name": "ic_nas_4b_t7"
  },
  "IS-453S": {
    "type_name": "ic_nas_4b_t7"
  },
  "TVS-473": {
    "type_name": "ic_nas_4b_t8"
  },
  "TS-531P": {
    "type_name": "ic_nas_5b_t1"
  },
  "TS-563": {
    "type_name": "ic_nas_5b_t1"
  },
  "TS-531X": {
    "type_name": "ic_nas_5b_t1"
  },
  "TS-559 Pro": {
    "type_name": "ic_nas_5b_t1"
  },
  "TS-559 Pro II": {
    "type_name": "ic_nas_5b_t1"
  },
  "TS-559 Pro+": {
    "type_name": "ic_nas_5b_t1"
  },
  "TS-569 Pro": {
    "type_name": "ic_nas_5b_t1"
  },
  "TS-569L": {
    "type_name": "ic_nas_5b_t1"
  },
  "TX-500P": {
    "type_name": "ic_nas_5b_t1"
  },
  "UX-500P": {
    "type_name": "ic_nas_5b_t1"
  },
  "TS-653 Pro": {
    "type_name": "ic_nas_6b_t1"
  },
  "TS-639 Pro": {
    "type_name": "ic_nas_6b_t1"
  },
  "TS-651": {
    "type_name": "ic_nas_6b_t1"
  },
  "TS-653A": {
    "type_name": "ic_nas_6b_t1"
  },
  "TS-659 Pro": {
    "type_name": "ic_nas_6b_t1"
  },
  "TS-659 Pro II": {
    "type_name": "ic_nas_6b_t1"
  },
  "TS-659 Pro+": {
    "type_name": "ic_nas_6b_t1"
  },
  "TS-669 Pro": {
    "type_name": "ic_nas_6b_t1"
  },
  "TS-669L": {
    "type_name": "ic_nas_6b_t1"
  },
  "TS-670 Pro": {
    "type_name": "ic_nas_6b_t1"
  },
  "TS-670": {
    "type_name": "ic_nas_6b_t1"
  },
  "TVS-663": {
    "type_name": "ic_nas_6b_t1"
  },
  "TVS-671": {
    "type_name": "ic_nas_6b_t1"
  },
  "TS-677": {
    "type_name": "ic_nas_6b_t2"
  },
  "TVS-682": {
    "type_name": "ic_nas_6b_t2"
  },
  "TVS-682T": {
    "type_name": "ic_nas_6b_t2"
  },
  "TVS-673": {
    "type_name": "ic_nas_6b_t3"
  },
  "TS-653B": {
    "type_name": "ic_nas_6b_t4"
  },
  "TS-853 Pro": {
    "type_name": "ic_nas_8b_t1"
  },
  "TS-831X": {
    "type_name": "ic_nas_8b_t1"
  },
  "TS-831X v2": {
    "type_name": "ic_nas_8b_t1"
  },
  "TS-851": {
    "type_name": "ic_nas_8b_t1"
  },
  "TS-853A": {
    "type_name": "ic_nas_8b_t1"
  },
  "TS-859 Pro": {
    "type_name": "ic_nas_8b_t1"
  },
  "TS-859 Pro+": {
    "type_name": "ic_nas_8b_t1"
  },
  "TS-869 Pro": {
    "type_name": "ic_nas_8b_t1"
  },
  "TS-869L": {
    "type_name": "ic_nas_8b_t1"
  },
  "TS-870 Pro": {
    "type_name": "ic_nas_8b_t1"
  },
  "TS-870": {
    "type_name": "ic_nas_8b_t1"
  },
  "TVS-871T": {
    "type_name": "ic_nas_8b_t1"
  },
  "TVS-871": {
    "type_name": "ic_nas_8b_t1"
  },
  "TX-800P": {
    "type_name": "ic_nas_8b_t1"
  },
  "UX-800P": {
    "type_name": "ic_nas_8b_t1"
  },
  "TS-EC880 Pro": {
    "type_name": "ic_nas_8b_t2"
  },
  "TS-879 Pro": {
    "type_name": "ic_nas_8b_t2"
  },
  "TVS-EC880": {
    "type_name": "ic_nas_8b_t2"
  },
  "TVS-863": {
    "type_name": "ic_nas_8b_t2"
  },
  "TVS-863+": {
    "type_name": "ic_nas_8b_t2"
  },
  "TVS-873": {
    "type_name": "ic_nas_8b_t2"
  },
  "SS-839 Pro": {
    "type_name": "ic_nas_8b_t3"
  },
  "TS-853S Pro": {
    "type_name": "ic_nas_8b_t3"
  },
  "TVS-882ST": {
    "type_name": "ic_nas_8b_t3"
  },
  "TS-877": {
    "type_name": "ic_nas_8b_t4"
  },
  "TVS-882": {
    "type_name": "ic_nas_8b_t4"
  },
  "TVS-882T": {
    "type_name": "ic_nas_8b_t4"
  },
  "TS-EC880U R2": {
    "type_name": "ic_nas_8b_t5"
  },
  "TS-EC880U": {
    "type_name": "ic_nas_8b_t5"
  },
  "TS-831XU": {
    "type_name": "ic_nas_8b_t5"
  },
  "TS-831XU-RP": {
    "type_name": "ic_nas_8b_t5"
  },
  "TS-853U": {
    "type_name": "ic_nas_8b_t5"
  },
  "TS-853U-RP": {
    "type_name": "ic_nas_8b_t5"
  },
  "TS-863U": {
    "type_name": "ic_nas_8b_t5"
  },
  "TS-863U-RP": {
    "type_name": "ic_nas_8b_t5"
  },
  "TS-869U-RP": {
    "type_name": "ic_nas_8b_t5"
  },
  "TS-870U-RP": {
    "type_name": "ic_nas_8b_t5"
  },
  "TS-879U-RP": {
    "type_name": "ic_nas_8b_t5"
  },
  "TS-EC879U-RP": {
    "type_name": "ic_nas_8b_t5"
  },
  "TVS-871U-RP": {
    "type_name": "ic_nas_8b_t5"
  },
  "UX-800U-RP": {
    "type_name": "ic_nas_8b_t5"
  },
  "TVS-882BR": {
    "type_name": "ic_nas_8b_t6"
  },
  "TS-932X": {
    "type_name": "ic_nas_9b_t1"
  },
  "TS-963X": {
    "type_name": "ic_nas_9b_t1"
  },
  "TVS-951X": {
    "type_name": "ic_nas_9b_t1"
  },
  "REXP-1000 Pro": {
    "type_name": "ic_nas_10b_t1"
  },
  "TS-EC1080 Pro": {
    "type_name": "ic_nas_10b_t1"
  },
  "TS-1079 Pro": {
    "type_name": "ic_nas_10b_t1"
  },
  "TVS-EC1080": {
    "type_name": "ic_nas_10b_t1"
  },
  "TVS-EC1080+": {
    "type_name": "ic_nas_10b_t1"
  },
  "TS-1277": {
    "type_name": "ic_nas_12b_t1"
  },
  "TVS-1282": {
    "type_name": "ic_nas_12b_t1"
  },
  "TVS-1282T": {
    "type_name": "ic_nas_12b_t1"
  },
  "TVS-1282T3": {
    "type_name": "ic_nas_12b_t1"
  },
  "REXP-1200U-RP": {
    "type_name": "ic_nas_12b_t2"
  },
  "REXP-1220U-RP": {
    "type_name": "ic_nas_12b_t2"
  },
  "TS-EC1280U R2": {
    "type_name": "ic_nas_12b_t2"
  },
  "TS-EC1280U": {
    "type_name": "ic_nas_12b_t2"
  },
  "TS-1231XU": {
    "type_name": "ic_nas_12b_t2"
  },
  "TS-1231XU-RP": {
    "type_name": "ic_nas_12b_t2"
  },
  "TS-1253U": {
    "type_name": "ic_nas_12b_t2"
  },
  "TS-1253U-RP": {
    "type_name": "ic_nas_12b_t2"
  },
  "TS-1263U": {
    "type_name": "ic_nas_12b_t2"
  },
  "TS-1263U-RP": {
    "type_name": "ic_nas_12b_t2"
  },
  "TS-1269U-RP": {
    "type_name": "ic_nas_12b_t2"
  },
  "TS-1270U-RP": {
    "type_name": "ic_nas_12b_t2"
  },
  "TS-1279U-RP": {
    "type_name": "ic_nas_12b_t2"
  },
  "TS-EC1279U-RP": {
    "type_name": "ic_nas_12b_t2"
  },
  "TS-EC1279U-SAS-RP": {
    "type_name": "ic_nas_12b_t2"
  },
  "TVS-EC1280U-SAS-RP R2": {
    "type_name": "ic_nas_12b_t2"
  },
  "TVS-EC1280U-SAS-RP": {
    "type_name": "ic_nas_12b_t2"
  },
  "TVS-1271U-RP": {
    "type_name": "ic_nas_12b_t2"
  },
  "UX-1200U-RP": {
    "type_name": "ic_nas_12b_t2"
  },
  "TES-1885U": {
    "type_name": "ic_nas_12b_t2"
  },
  "SS-EC1279U-SAS-RP": {
    "type_name": "ic_nas_12b_t3"
  },
  "TVS-EC1580MU-SAS-RP R2": {
    "type_name": "ic_nas_15b_t1"
  },
  "TVS-EC1580MU-SAS-RP": {
    "type_name": "ic_nas_15b_t1"
  },
  "TS-1635": {
    "type_name": "ic_nas_16b_t1"
  },
  "TS-1685": {
    "type_name": "ic_nas_16b_t1"
  },
  "TS-1677X": {
    "type_name": "ic_nas_16b_t1"
  },
  "EJ1600": {
    "type_name": "ic_nas_16b_t2"
  },
  "EJ1600 v2": {
    "type_name": "ic_nas_16b_t2"
  },
  "ES1640dc": {
    "type_name": "ic_nas_16b_t2"
  },
  "ES1640dc v2": {
    "type_name": "ic_nas_16b_t2"
  },
  "REXP-1600U-RP": {
    "type_name": "ic_nas_16b_t2"
  },
  "REXP-1620U-RP": {
    "type_name": "ic_nas_16b_t2"
  },
  "TDS-16489U": {
    "type_name": "ic_nas_16b_t2"
  },
  "TS-EC1680U R2": {
    "type_name": "ic_nas_16b_t2"
  },
  "TS-EC1680U": {
    "type_name": "ic_nas_16b_t2"
  },
  "TS-1679U-RP": {
    "type_name": "ic_nas_16b_t2"
  },
  "TS-EC1679U-RP": {
    "type_name": "ic_nas_16b_t2"
  },
  "TS-EC1679U-SAS-RP": {
    "type_name": "ic_nas_16b_t2"
  },
  "TVS-EC1680U-SAS-RP R2": {
    "type_name": "ic_nas_16b_t2"
  },
  "TVS-EC1680U-SAS-RP": {
    "type_name": "ic_nas_16b_t2"
  },
  "SS-EC1879U-SAS-RP": {
    "type_name": "ic_nas_18b_t1"
  },
  "SS-EC2479U-SAS-RP": {
    "type_name": "ic_nas_24b_t1"
  },
  "TS-EC2480U R2": {
    "type_name": "ic_nas_24b_t2"
  },
  "TS-EC2480U": {
    "type_name": "ic_nas_24b_t2"
  },
  "TVS-EC2480U-SAS-RP R2": {
    "type_name": "ic_nas_24b_t2"
  },
  "TVS-EC2480U-SAS-RP": {
    "type_name": "ic_nas_24b_t2"
  },
  "TES-3085U": {
    "type_name": "ic_nas_30b_t1"
  },
  "vQTS": {
    "type_name": "ic_nas_0b_t6"
  }
}
