<?xml version="1.0" encoding="UTF-8" standalone="yes"?>
<addon id="script.videohd.core"
       name="QNAP Video HD Core"
       version="1.1.1"
       provider-name="Mico Sai">
  <requires>
    <import addon="xbmc.python" version="2.24.0"/>
    <import addon="script.module.requests" version="2.9.1"/>
    <!--import addon="service.subtitles.shooter" version="1.0.5"/-->
    <!--import addon="service.subtitles.opensubtitles" version="5.0.16"/-->
  </requires>
  <extension point="xbmc.python.library" library="default.py"/>
  <extension point="xbmc.python.module" library="lib"/>
  <!--extension point="xbmc.service" library="service.py" start="startup"/-->
  <extension point="xbmc.addon.metadata">
    <platform>all</platform>
    <summary lang="en">Enrich your multimedia experience</summary>
		<summary lang="zh_TW">豐富您的影音娛樂體驗</summary>
		<summary lang="zh">丰富您的多媒体体验</summary>
		<summary lang="de">Bereichern Sie Ihr Multimedia-Erlebnis</summary>
		<summary lang="hu">Gazdagabb multimédiás élmény</summary>
		<summary lang="ja">マルチメディア エクスペリエンスを強化</summary>
		<summary lang="ko">멀티미디어경험을풍부하게</summary>
		<summary lang="pt_BR">Otimize a sua experiência multimídia</summary>
		<summary lang="ro">O experiență multimedia îmbunătățită</summary>
		<summary lang="ru">Расширьте мультимедийные возможности</summary>
		<summary lang="th">เสริมแต่งประสบการณ์ด้านมัลติมีเดียของคุณ</summary>
		<summary lang="fr">Enrichissez votre expérience multimédia</summary>
		<summary lang="it">Esperienza multimediale più ricca</summary>
		<summary lang="pl">Wzbogać odbiór multimediów</summary>
		<summary lang="cs">Obohaťte svůj multimediální prožitek</summary>
		<summary lang="es">Enriquezca su experiencia multimedia</summary>
		<summary lang="tr">Multimedya deneyiminizi zenginleştirin</summary>
		<summary lang="da">Styrk din multimedieoplevelse</summary>
		<summary lang="nl">Verrijk uw multimedia-ervaring</summary>
		<summary lang="fi">Rikasta multimediakokemustasi</summary>
		<summary lang="el">Εμπλουτίστε την εμπειρία σας από τα πολυμέσα</summary>
		<summary lang="no">Gjør multimedieopplevelsen din bedre</summary>
		<summary lang="sv">Berika din multimediaupplevelse</summary>
    <description lang="en">Video HD is a Kodi add-on that fully supports QNAP Video Station. Using Video HD, you can browse the video categories, folders, and video collections in Video Station. Video HD also provides various powerful features, such as accessing online movie and TV databases, creating video bookmarks, and downloading online subtitles. Furthermore, Video HD supports resuming playback and syncing playback progress with Video Station and Qvideo. Video HD allows you to easily browse the multimedia content on the QNAP NAS, helping enrich your viewing experience and digital life.</description>
    <description lang="zh_TW">Video HD 為完整支援 QNAP Video Station 功能的 Kodi 套件。您可透過此套件瀏覽 Video Station 上的影片分類、資料夾，以及影片收藏。Video HD 亦支援電影與電視節目線上資料庫、建立播放頁面書籤、線上字幕搜尋下載等實用功能，並可與 Video Station 以及 Qvideo 同步影片播放進度。Video HD 讓您輕鬆瀏覽 QNAP NAS 上的多媒體檔案，豐富您的影音娛樂生活。</description>
    <description lang="zh">Video HD 是一款完全支持 QNAP Video Station 功能的 Kodi 插件。您可以使用 Video HD 浏览 Video Station 中的视频类别、文件夹和视频收藏。Video HD 还提供了各种强大的功能，例如，访问在线电影和电视数据库、创建视频书签以及下载在线字幕。此外，Video HD 支持恢复播放，并可与 Video Station 和 Qvideo 同步播放进度。Video HD 可让您轻松浏览 QNAP NAS 上的多媒体内容，从而丰富您的观赏体验和数字生活。</description>
    <description lang="de">Video HD ist ein Kodi Add-on, das die QNAP Video Station vollständig unterstützt. Mit Video HD können Sie die Videokategorien, Ordner und Videosammlungen in Video Station durchsuchen. Video HD bietet auch verschiedene leistungsstarke Funktionen wie den Zugriff auf Online Film- und TV-Datenbanken, die Erstellung von Videolesezeichen und das Herunterladen von Online Untertiteln. Darüber hinaus unterstützt Video HD die Wiederaufnahme der Wiedergabe und Synchronisierung der Wiedergabefortschritte mit Video Station und Qvideo. Video HD ermöglicht es Ihnen, die Multimedia-Inhalte auf dem QNAP NAS einfach zu durchsuchen und dabei zu helfen, Ihr Anzeigeerlebnis und das digitale Leben zu bereichern.</description>
    <description lang="hu">A Video HD a Kodi egyik bővítménye, amely teljes mértékben támogatja a QNAP Video Station alkalmazást. A Video HD segítségével egyszerűen tallózhat a Video Station videogyűjteményeiben, kategóriáiban és mappáiban. A Video HD számos nagyszerű funkciót kínál, például képes az online film- és TV-adatbázisok elérésére, videokönyvjelzők létrehozására és online elérhető feliratok letöltésére. Emellett a Video HD támogatja a lejátszás folytatását, valamint a lejátszási folyamatnak a Video Station és a Qvideo közötti szinkronizálását is. A Video HD révén könnyedén elérhetők és megtekinthetők a digitális mindennapok részét képező, a QNAP NAS-on tárolt multimédiás tartalmak.</description>
    <description lang="ja">Video HD は、QNAP Video Station を完全にサポートしている Kodi アドオンです。Video HD を使用することで、ビデオ カテゴリ、フォルダー、ビデオ コレクションを Video Station で参照できます。また、Video HD では、オンライン映画および TV データベースへのアクセス、ビデオ ブックマークの作成、オンライン字幕のダウンロードなど、幅広い強力な機能を提供しています。さらに、Video HD は、Video Station および Qvideo との再生の再開および再生の進捗の同期をサポートしています。Video HD を使用することで、QNAP NAS 上のマルチメディア コンテンツを簡単に参照することができ、表示の使用感やデジタル ライフが向上します。</description>
    <description lang="ko">Video HD는 QNAP Video Station을 완벽하게 지원하는 Kodi 애드온입니다. Video HD를 사용하여 Video Station에 있는 비디오 범주, 폴더 및 비디오 컬렉션을 탐색할 수 있습니다. Video HD는 또한 온라인 동영상 및 TV 데이터베이스에 액세스하기, 비디오 북마크 생성, 온라인 자막 다운로드 같은 다양하고 강력한 기능을 제공합니다. 게다가, Video HD는 재생 재개 및 Video Station 및 Qvideo와의 재생 진행률 동기화를 지원합니다. Video HD를 이용하면 QNAP NAS에 있는 멀티미디어 콘텐츠를 쉽게 탐색할 수 있어, 사용자의 시청 경험과 디지털 라이프를 풍부하게 만듭니다.</description>
    <description lang="pt_BR">O Video HD é um complemento do Kodi totalmente compatível com o QNAP Video Station. Com o Video HD, você pode navegar pelas categorias de vídeo, pastas e coleções de vídeos no Video Station. O Video HD também oferece vários recursos úteis, como acesso a bancos de dados on-line de filmes e programas de TV, criação de favoritos de vídeo e download de legendas on-line. Além disso, o Video HD permite retomar a reprodução e a sincronização do progresso da reprodução no Video Station e no Qvideo. O Video HD permite facilmente navegar pelo conteúdo multimídia no QNAP NAS, melhorando sua experiência de visualização e sua vida digital.</description>
    <description lang="ro">Video HD este un program de completare Kodi compatibil în totalitate cu QNAP Video Station. Folosind Video HD, puteți parcurge categoriile video, folderele și colecțiile video în Video Station. De asemenea, Video HD oferă mai multe caracteristici puternice, precum accesarea bazelor de date online cu filme și programe TV, crearea de marcaje video și descărcarea subtitrărilor online. Mai mult, Video HD acceptă reluarea redării și sincronizarea progresului redării cu Video Station și Qvideo. Video HD vă permite să parcurgeți cu ușurință conținutul multimedia de pe dispozitivul QNAP NAS, contribuind astfel la îmbogățirea experienței de vizionare și a vieții dvs. digitale.</description>
    <description lang="ru">Video HD - это дополнение к медиаплееру Kodi, полностью поддерживающее QNAP Video Station. Вы можете использовать Video HD для обзора категорий видео, папок и коллекций видеозаписей в приложении Video Station. Кроме того, Video HD предлагает разные мощные функции, например, доступ к онлайновым базам данных фильмов и записей телепередач, создание закладок для видео и загрузка субтитров из онлайн-источников. Помимо этого, Video HD поддерживает возобновление воспроизведения и его синхронизацию с приложениями Video Station и Qvideo. Video HD обеспечивает простой обзор мультимедийного содержимого на QNAP NAS и помогает повысить удобство просмотра и использования цифровых технологий.</description>
    <description lang="th">Video HD เป็นโปรแกรมเสริม Kodi ที่สนับสนุน QNAP Video Station อย่างเต็มที่ เมื่อใช้ Video HD คุณสามารถเรียกดูหมวดหมู่วิดีโอ โฟลเดอร์ และคอลเล็กชันวิดีโอใน Video Station ได้ Video HD ยังมีคุณสมบัติที่มีประสิทธิภาพต่าง ๆ มากมาย เช่นการเข้าถึงฐานข้อมูลภาพยนตร์และทีวีออนไลน์ การสร้างบุ๊กมาร์กวิดีโอและการดาวน์โหลดคำบรรยายออนไลน์ นอกจากนี้ Video HD ยังสนับสนุนการเล่นต่อจากจุดที่หยุดและการซิงค์ความคืบหน้าในการเล่นกับ Video Station และ Qvideo อีกด้วย Video HD ช่วยให้คุณสามารถเรียกดูเนื้อหามัลติมีเดียบน QNAP NAS ได้อย่างง่ายดาย ช่วยเพิ่มประสบการณ์การรับชมและและเติมเต็มชีวิตดิจิตอลของคุณ</description>
    <description lang="fr">Video HD est une extension Kodi qui prend entièrement en charge QNAP Video Station. À l'aide de Video HD, vous pouvez parcourir les catégories de vidéos, les dossiers, et les collections de vidéos dans Video Station. Video HD propose également différentes fonctionnalités puissantes, telles que l'accès au film en ligne et les bases de données TV, la création de signets vidéo et le téléchargement en ligne des sous-titres. De plus, Video HD prend en charge la reprise de la lecture et la synchronisation de la progression de la lecture avec Video Station et Qvideo. Video HD vous permet de parcourir facilement le contenu multimédia sur le NAS QNAP, ce qui vous aide à enrichir votre expérience de visionnage et votre vie numérique.</description>
    <description lang="it">Video HD è un add-on Kodi che supporta completamente QNAP Video Station. Usando Video HD, è possibile scorrere le categorie video, cartelle e raccolte video in Video Station. Video HD inoltre offre diverse funzioni potenti, come l'accesso ai database di film e TV online, la creazione di segnalibri video e il download di sottotitoli online. Inoltre, Video HD supporta la ripresa della riproduzione e la sincronizzazione della riproduzione con Video Station e Qvideo. Video HD consente di scorrere in modo semplice i contenuti multimediali su QNAP NAS per aiutare ad arricchire l'esperienza di visione e la vita digitale.</description>
    <description lang="pl">Video HD to dodatek do Kodi, który w pełni obsługuje aplikację QNAP Video Station. Przy użyciu Video HD można przeglądać kategorie wideo, foldery i kolekcje filmów w aplikacji Video Station. Video HD dodatkowo zapewnia różne wszechstronne funkcje, np. dostęp online do filmów i baz danych telewizora, tworzenie zakładek wideo oraz pobieranie napisów online. Co więcej Video HD obsługuje funkcję wznowienia odtwarzania i synchronizacji postępu odtwarzania z aplikacją Video Station i Qvideo. Video HD umożliwia łatwe przeglądanie zawartości multimedialnej na serwerze QNAP NAS, zwiększając korzyści oglądania i wzbogacając życie cyfrowe.</description>
    <description lang="cs">Video HD je doplněk Kodi, který plně podporuje QNAP Video Station. Pomocí Video HD můžete procházet kategorie videí, složky a kolekce videí ve Video Station. Video HD také nabízí různé účinné funkce, jako je přístup k online filmům a televizním databázím, vytváření záložek do videí a stahování online titulků. Video HD dále podporuje obnovení přehrávání a synchronizaci průběhu přehrávání s Video Station a Qvideo. Video HD vám umožňuje snadno procházet multimediální obsah na zařízení QNAP NAS a přispívá k obohacení vaší diváckých prožitků a digitálního života.</description>
    <description lang="es">Video HD es un complemento de Kodi totalmente compatible con QNAP Video Station. Si utiliza Video HD, podrá navegar por categorías de vídeos, carpetas y colecciones de vídeos en Video Station. Video HD además ofrece varias funciones potentes como el acceso a películas en línea y bases de datos de TV, creación de marcadores de vídeo y descarga de subtítulos en línea. Además, Video HD admite la reanudación de la reproducción y sincronizar el progreso de la reproducción con Video Station y Qvideo. Video HD le permite explorar fácilmente el contenido multimedia en su QNAP NAS, ayudándole a enriquecer su experiencia visual y la vida digital.</description>
    <description lang="tr">Video HD, QNAP Video Station'ı tamamen destekleyen bir Kodi eklentisidir. Video HD'yi kullanarak, Video Station'daki video kategorilerine, klasörlerine ve video koleksiyonlarına göz atabilirsiniz. Video HD aynı zamanda çevrimiçi film ve TV veritabanlarına erişme, video imleri oluşturma ve çevrimiçi altyazı indirme gibi çeşitli güçlü özellikler de sunar. Ayrıca, Video HD, Oynatmaya devam etmeyi ve oynatma ilerlemesini Video Station ve Qvideo ile senkronize etmeyi destekler. Video HD, QNAP NAS'deki multimedya içeriğine kolayca göz atmanıza olanak tanır ve izleme deneyiminizi ve dijital hayatınızı zenginleştirmenize yardımcı olur.</description>
    <description lang="da">Video HD er en Kodi-tilføjelse, der understøtter QNAP Video Station fuldt ud. Med Video HD kan du gennemse videokategorier, mapper og videosamlinger i Video Station. Video HD indeholder også kraftfulde funktioner såsom adgang til onlinebaser med film og tv, oprettelse af videobogmærker og download af onlineundertekster. Yderigere understøtter Video HD genoptagelse af afspilning og synkronisering af afspilningsstatus med Video Station og Qvideo. Med Video HD kan du nemt gennemse multimedieindhold på QNAP NAS, så du får hjælp til at berige din visningsoplevelse og dit digitale liv.</description>
    <description lang="nl">Video HD is een Kodi add-on die QNAP Video Station volledig ondersteunt. U kunt met Video HD in Video Station bladeren door videocategorieën, mappen en videocollecties. Video HD voorziet ook in verschillende krachtige functies, zoals toegang tot online film en tv-databanken, aanmaken videobladwijzers en het downloaden van online ondertiteling. Bovendien ondersteunt Video HD het hervatten van afspelen en synchroniseren van de voortgang van afspelen met Video Station en Qvideo. Met Video HD kunt u gemakkelijk door de multimedia-inhoud op de QNAP NAS bladeren, waardoor uw kijkervaring en digitale leven worden verrijkt.</description>
    <description lang="fi">Video HD on Kodi-laajennus, joka tukee QNAP Video Stationia täysin. Video HD:llä voit selata videoluokkia, kansioita ja videokokoelmia Video Stationissa. Video HD sisältää myös useita tehokkaita ominaisuuksia, kuten onlline-elokuva- ja TV-tietokantojen käyttö, videoiden kirjanmerkintä ja tekstityksen lataaminen verkosta. Lisäksi Video HD tukee toiston jatkamista ja toiston synkronointia Video Stationin ja Qvideon kanssa. Video HD tekee mahdolliseksi selata helposti QNAP NASin multimediasisältöä, mikä rikastaa katselukokemusta ja digitaalista elämää.</description>
    <description lang="el">Το Video HD είναι ένα πρόσθετο Kodi το οποίο υποστηρίζει πλήρως το QNAP Video Station. Χρησιμοποιώντας το Video HD, μπορείτε να περιηγηθείτε σε κατηγορίες βίντεο, φακέλους και συλλογές βίντεο στο Video Station. Το Video HD παρέχει επίσης διάφορα ισχυρά χαρακτηριστικά, όπως πρόσβαση σε ηλεκτρονικές βάσεις δεδομένων για ταινίες και TV, δημιουργία σελιδοδεικτών και λήψη υποτίτλων online. Περαιτέρω, το Video HD υποστηρίζει τη συνέχιση της αναπαραγωγής και τον συγχρονισμό της προόδου αναπαραγωγής με το Video Station και το Qvideo. Το Video HD σας δίνει τη δυνατότητα να περιηγηθείτε εύκολα στο περιεχόμενο πολυμέσων στο QNAP NAS, βοηθώντας σας να εμπλουτιστεί η εμπειρία θέασής σας και η ψηφιακή ζωή.</description>
    <description lang="no">Video HD er et Kodi-tillegg med full støtte for QNAP Video Station. Med Video HD kan du bla i videokategorier, mapper og videosamlinger Video Station. Video HD gir også andre kraftige funksjoner, som tilgang til nettbaserte film- og TV-databaser, opprette videobokmerker og laste ned nettbaserte undertekster. Videre støtter Video HD gjenopptatt avspilling og synkronisert avspilling med Video Station og Qvideo. Med Video HD kan du enkelt bla i multimediainnhold på QNAP NAS, noe som bidrar til å gjøre seeropplevelsen og det digitale livet ditt bedre.</description>
    <description lang="sv">Video HD är ett Kodi-tillägg som fullt ut stöder QNAP Video Station. Med Video HD kan du bläddra i videokategorier, mappar och videosamlingar i Video Station. Video HD tillhandahåller också olika kraftfulla funktioner, till exempel tillgång till film- och tv-databaser, skapande av videobokmärken och nedladdning av undertexter på nätet. Vidare stöder Video HD återupptagning av uppspelning och synkronisering av uppspelningsframsteg med Video Station och Qvideo. Med Video HD kan du enkelt bläddra bland multimediainnehållet på QNAP NAS, vilket hjälper dig att förbättra din upplevelse och ditt digitala liv.</description>
  </extension>
</addon>
